parameter,value,unit,description
locked_seed,173,integer,Reproducible seed selected after the documented candidate search.
daily_common_sigma,0.022,fraction,Standard deviation of the persistent daily shock shared by all profiles.
daily_common_ar,0.8,coefficient,AR(1) persistence of the daily common shock.
quarter_hour_common_sigma,0.006,fraction,Standard deviation of the persistent quarter-hour shock shared by all profiles.
quarter_hour_common_ar,0.94,coefficient,AR(1) persistence of the quarter-hour common shock.
minimum_load_factor,0.75,multiple,Lower bound for actual load divided by forecast load.
maximum_load_factor,1.3,multiple,Upper bound for actual load divided by forecast load.
seed_target_nmae,0.02,fraction,Teaching target for normalized mean absolute portfolio forecast error.
seed_target_imbalance_premium,0.35,EUR/MWh,Teaching target for a moderate positive imbalance premium.
