timestamp_utc,timestamp_local,forecast_load_mw,actual_load_mw,forecast_error_mw,imbalance_price_eur_mwh
2024-01-15T00:00:00Z,2024-01-15T01:00:00+01:00,2.480492,2.52438616,0.04389416,119.34
2024-01-15T00:15:00Z,2024-01-15T01:15:00+01:00,2.353672,2.39404364,0.04037164,110.36
2024-01-15T00:30:00Z,2024-01-15T01:30:00+01:00,2.268908,2.30968155,0.04077355,115.58
2024-01-15T00:45:00Z,2024-01-15T01:45:00+01:00,2.211996,2.247554,0.035558,106.79
2024-01-15T01:00:00Z,2024-01-15T02:00:00+01:00,2.173428,2.20005365,0.02662565,111.98
2024-01-15T01:15:00Z,2024-01-15T02:15:00+01:00,2.145272,2.17302422,0.02775222,18.64
2024-01-15T01:30:00Z,2024-01-15T02:30:00+01:00,2.132216,2.15619963,0.02398363,106.34
2024-01-15T01:45:00Z,2024-01-15T02:45:00+01:00,2.117088,2.14105933,0.02397133,107.34
2024-01-15T02:00:00Z,2024-01-15T03:00:00+01:00,2.104104,2.13124749,0.02714349,18.75
2024-01-15T02:15:00Z,2024-01-15T03:15:00+01:00,2.09906,2.12353632,0.02447632,19.26
2024-01-15T02:30:00Z,2024-01-15T03:30:00+01:00,2.09386,2.11903214,0.02517214,19.54
2024-01-15T02:45:00Z,2024-01-15T03:45:00+01:00,2.105588,2.12279849,0.01721049,18.97
2024-01-15T03:00:00Z,2024-01-15T04:00:00+01:00,2.126232,2.14266679,0.01643479,20.26
2024-01-15T03:15:00Z,2024-01-15T04:15:00+01:00,2.162352,2.19128907,0.02893707,113.84
2024-01-15T03:30:00Z,2024-01-15T04:30:00+01:00,2.202696,2.22801141,0.02531541,121.68
2024-01-15T03:45:00Z,2024-01-15T04:45:00+01:00,2.248792,2.27542879,0.02663679,112.25
2024-01-15T04:00:00Z,2024-01-15T05:00:00+01:00,2.300016,2.34657008,0.04655408,103.87
2024-01-15T04:15:00Z,2024-01-15T05:15:00+01:00,2.40676,2.46118528,0.05442528,123.66
2024-01-15T04:30:00Z,2024-01-15T05:30:00+01:00,2.621,2.67319627,0.05219627,133.05
2024-01-15T04:45:00Z,2024-01-15T05:45:00+01:00,2.995964,3.07182307,0.07585907,175.26
2024-01-15T05:00:00Z,2024-01-15T06:00:00+01:00,3.56152,3.65651372,0.09499372,149.41
2024-01-15T05:15:00Z,2024-01-15T06:15:00+01:00,4.251372,4.36032493,0.10895293,150.59
2024-01-15T05:30:00Z,2024-01-15T06:30:00+01:00,4.970408,5.05462026,0.08421226,306.87
2024-01-15T05:45:00Z,2024-01-15T06:45:00+01:00,5.626184,5.70771471,0.08153071,182.94
2024-01-15T06:00:00Z,2024-01-15T07:00:00+01:00,6.145596,6.2561064,0.1105104,120.37
2024-01-15T06:15:00Z,2024-01-15T07:15:00+01:00,6.539984,6.64191795,0.10193395,138.75
2024-01-15T06:30:00Z,2024-01-15T07:30:00+01:00,6.836204,6.93558912,0.09938512,165.67
2024-01-15T06:45:00Z,2024-01-15T07:45:00+01:00,7.064212,7.14016794,0.07595594,154.82
2024-01-15T07:00:00Z,2024-01-15T08:00:00+01:00,7.250084,7.30065313,0.05056913,143.3
2024-01-15T07:15:00Z,2024-01-15T08:15:00+01:00,7.389084,7.4520634,0.0629794,171.18
2024-01-15T07:30:00Z,2024-01-15T08:30:00+01:00,7.463432,7.51817761,0.05474561,177.05
2024-01-15T07:45:00Z,2024-01-15T08:45:00+01:00,7.467144,7.53721562,0.07007162,195.33
2024-01-15T08:00:00Z,2024-01-15T09:00:00+01:00,7.389468,7.49257438,0.10310638,67.69
2024-01-15T08:15:00Z,2024-01-15T09:15:00+01:00,7.262284,7.34517732,0.08289332,140.74
2024-01-15T08:30:00Z,2024-01-15T09:30:00+01:00,7.107068,7.15114614,0.04407814,135.34
2024-01-15T08:45:00Z,2024-01-15T09:45:00+01:00,6.96892,6.94185775,-0.02706225,124.0
2024-01-15T09:00:00Z,2024-01-15T10:00:00+01:00,6.868972,6.82354667,-0.04542533,139.04
2024-01-15T09:15:00Z,2024-01-15T10:15:00+01:00,6.804688,6.79980455,-0.00488345,137.53
2024-01-15T09:30:00Z,2024-01-15T10:30:00+01:00,6.775716,6.78143841,0.00572241,134.01
2024-01-15T09:45:00Z,2024-01-15T10:45:00+01:00,6.781844,6.80421549,0.02237149,148.84
2024-01-15T10:00:00Z,2024-01-15T11:00:00+01:00,6.81618,6.87307126,0.05689126,62.67
2024-01-15T10:15:00Z,2024-01-15T11:15:00+01:00,6.873772,6.95128151,0.07750951,64.47
2024-01-15T10:30:00Z,2024-01-15T11:30:00+01:00,6.957376,7.02406139,0.06668539,135.04
2024-01-15T10:45:00Z,2024-01-15T11:45:00+01:00,7.06782,7.09925286,0.03143286,135.05
2024-01-15T11:00:00Z,2024-01-15T12:00:00+01:00,7.196864,7.22906882,0.03220482,166.04
2024-01-15T11:15:00Z,2024-01-15T12:15:00+01:00,7.316164,7.3719989,0.0558349,470.76
2024-01-15T11:30:00Z,2024-01-15T12:30:00+01:00,7.38842,7.4348225,0.0464025,2000.0
2024-01-15T11:45:00Z,2024-01-15T12:45:00+01:00,7.388196,7.38548119,-0.00271481,169.3
2024-01-15T12:00:00Z,2024-01-15T13:00:00+01:00,7.289452,7.25719754,-0.03225446,160.53
2024-01-15T12:15:00Z,2024-01-15T13:15:00+01:00,7.118044,7.06891696,-0.04912704,165.5
2024-01-15T12:30:00Z,2024-01-15T13:30:00+01:00,6.906524,6.88682676,-0.01969724,167.27
2024-01-15T12:45:00Z,2024-01-15T13:45:00+01:00,6.696764,6.66273774,-0.03402626,51.95
2024-01-15T13:00:00Z,2024-01-15T14:00:00+01:00,6.51232,6.48303736,-0.02928264,72.97
2024-01-15T13:15:00Z,2024-01-15T14:15:00+01:00,6.360704,6.36271566,0.00201166,124.0
2024-01-15T13:30:00Z,2024-01-15T14:30:00+01:00,6.236352,6.22775841,-0.00859359,67.54
2024-01-15T13:45:00Z,2024-01-15T14:45:00+01:00,6.128008,6.13289364,0.00488564,65.83
2024-01-15T14:00:00Z,2024-01-15T15:00:00+01:00,6.037696,6.04286495,0.00516895,70.61
2024-01-15T14:15:00Z,2024-01-15T15:15:00+01:00,5.9688,5.97844707,0.00964707,64.24
2024-01-15T14:30:00Z,2024-01-15T15:30:00+01:00,5.915604,5.92976867,0.01416467,67.66
2024-01-15T14:45:00Z,2024-01-15T15:45:00+01:00,5.89376,5.89837861,0.00461861,65.72
2024-01-15T15:00:00Z,2024-01-15T16:00:00+01:00,5.89946,5.86080319,-0.03865681,58.51
2024-01-15T15:15:00Z,2024-01-15T16:15:00+01:00,5.95198,5.92744892,-0.02453108,68.55
2024-01-15T15:30:00Z,2024-01-15T16:30:00+01:00,6.067036,6.05541227,-0.01162373,66.58
2024-01-15T15:45:00Z,2024-01-15T16:45:00+01:00,6.274468,6.23780839,-0.03665961,67.96
2024-01-15T16:00:00Z,2024-01-15T17:00:00+01:00,6.57442,6.49754956,-0.07687044,69.99
2024-01-15T16:15:00Z,2024-01-15T17:15:00+01:00,6.947644,6.86637915,-0.08126485,69.54
2024-01-15T16:30:00Z,2024-01-15T17:30:00+01:00,7.36538,7.28287661,-0.08250339,130.74
2024-01-15T16:45:00Z,2024-01-15T17:45:00+01:00,7.7964,7.73259907,-0.06380093,131.04
2024-01-15T17:00:00Z,2024-01-15T18:00:00+01:00,8.213896,8.17170958,-0.04218642,69.88
2024-01-15T17:15:00Z,2024-01-15T18:15:00+01:00,8.593924,8.57572435,-0.01819965,70.22
2024-01-15T17:30:00Z,2024-01-15T18:30:00+01:00,8.92196,8.87158307,-0.05037693,62.38
2024-01-15T17:45:00Z,2024-01-15T18:45:00+01:00,9.18644,9.14558582,-0.04085418,47.76
2024-01-15T18:00:00Z,2024-01-15T19:00:00+01:00,9.368816,9.31303179,-0.05578421,129.72
2024-01-15T18:15:00Z,2024-01-15T19:15:00+01:00,9.452188,9.42539636,-0.02679164,130.41
2024-01-15T18:30:00Z,2024-01-15T19:30:00+01:00,9.416164,9.43730923,0.02114523,128.52
2024-01-15T18:45:00Z,2024-01-15T19:45:00+01:00,9.242516,9.2803731,0.0378571,71.16
2024-01-15T19:00:00Z,2024-01-15T20:00:00+01:00,8.932792,9.00509467,0.07230267,69.87
2024-01-15T19:15:00Z,2024-01-15T20:15:00+01:00,8.525072,8.59597405,0.07090205,42.76
2024-01-15T19:30:00Z,2024-01-15T20:30:00+01:00,8.085952,8.18147959,0.09552759,60.67
2024-01-15T19:45:00Z,2024-01-15T20:45:00+01:00,7.672864,7.74793167,0.07506767,56.79
2024-01-15T20:00:00Z,2024-01-15T21:00:00+01:00,7.333324,7.40019941,0.06687541,56.71
2024-01-15T20:15:00Z,2024-01-15T21:15:00+01:00,7.05154,7.08467742,0.03313742,53.78
2024-01-15T20:30:00Z,2024-01-15T21:30:00+01:00,6.797764,6.79684567,-0.00091833,55.4
2024-01-15T20:45:00Z,2024-01-15T21:45:00+01:00,6.541292,6.56236083,0.02106883,44.68
2024-01-15T21:00:00Z,2024-01-15T22:00:00+01:00,6.257056,6.30394426,0.04688826,124.37
2024-01-15T21:15:00Z,2024-01-15T22:15:00+01:00,5.947128,5.9967362,0.0496082,124.58
2024-01-15T21:30:00Z,2024-01-15T22:30:00+01:00,5.618396,5.6680538,0.0496578,124.58
2024-01-15T21:45:00Z,2024-01-15T22:45:00+01:00,5.271224,5.33386379,0.06263979,126.03
2024-01-15T22:00:00Z,2024-01-15T23:00:00+01:00,4.918336,5.0033149,0.0849789,68.62
2024-01-15T22:15:00Z,2024-01-15T23:15:00+01:00,4.558708,4.61025799,0.05154999,63.79
2024-01-15T22:30:00Z,2024-01-15T23:30:00+01:00,4.201044,4.27045942,0.06941542,53.29
2024-01-15T22:45:00Z,2024-01-15T23:45:00+01:00,3.84566,3.93133316,0.08567316,-38.4
2024-01-15T23:00:00Z,2024-01-16T00:00:00+01:00,3.50234,3.6099205,0.1075805,10.96
2024-01-15T23:15:00Z,2024-01-16T00:15:00+01:00,3.180572,3.27786837,0.09729637,31.24
2024-01-15T23:30:00Z,2024-01-16T00:30:00+01:00,2.898708,2.98322995,0.08452195,34.88
2024-01-15T23:45:00Z,2024-01-16T00:45:00+01:00,2.659492,2.73615985,0.07666785,29.79
2024-01-16T00:00:00Z,2024-01-16T01:00:00+01:00,2.480772,2.55158135,0.07080935,125.37
2024-01-16T00:15:00Z,2024-01-16T01:15:00+01:00,2.353952,2.41603105,0.06207905,66.05
2024-01-16T00:30:00Z,2024-01-16T01:30:00+01:00,2.269188,2.32500642,0.05581842,43.1
2024-01-16T00:45:00Z,2024-01-16T01:45:00+01:00,2.212136,2.28230965,0.07017365,31.4
2024-01-16T01:00:00Z,2024-01-16T02:00:00+01:00,2.173568,2.23322184,0.05965384,29.25
2024-01-16T01:15:00Z,2024-01-16T02:15:00+01:00,2.145552,2.20041955,0.05486755,29.88
2024-01-16T01:30:00Z,2024-01-16T02:30:00+01:00,2.132356,2.19533338,0.06297738,30.95
2024-01-16T01:45:00Z,2024-01-16T02:45:00+01:00,2.117228,2.18032533,0.06309733,31.39
2024-01-16T02:00:00Z,2024-01-16T03:00:00+01:00,2.104244,2.1682338,0.0639898,128.05
2024-01-16T02:15:00Z,2024-01-16T03:15:00+01:00,2.0992,2.16268084,0.06348084,122.09
2024-01-16T02:30:00Z,2024-01-16T03:30:00+01:00,2.094,2.15904281,0.06504281,33.39
2024-01-16T02:45:00Z,2024-01-16T03:45:00+01:00,2.105728,2.17296927,0.06724127,28.02
2024-01-16T03:00:00Z,2024-01-16T04:00:00+01:00,2.126372,2.18975451,0.06338251,25.15
2024-01-16T03:15:00Z,2024-01-16T04:15:00+01:00,2.162492,2.22313702,0.06064502,31.31
2024-01-16T03:30:00Z,2024-01-16T04:30:00+01:00,2.202976,2.26925001,0.06627401,127.33
2024-01-16T03:45:00Z,2024-01-16T04:45:00+01:00,2.248932,2.30653333,0.05760133,129.42
2024-01-16T04:00:00Z,2024-01-16T05:00:00+01:00,2.300156,2.35453801,0.05438201,125.99
2024-01-16T04:15:00Z,2024-01-16T05:15:00+01:00,2.4069,2.44701975,0.04011975,117.3
2024-01-16T04:30:00Z,2024-01-16T05:30:00+01:00,2.62114,2.67533675,0.05419675,126.72
2024-01-16T04:45:00Z,2024-01-16T05:45:00+01:00,2.996244,3.0391575,0.0429135,128.9
2024-01-16T05:00:00Z,2024-01-16T06:00:00+01:00,3.5618,3.61937812,0.05757812,126.66
2024-01-16T05:15:00Z,2024-01-16T06:15:00+01:00,4.251792,4.32789794,0.07610594,127.09
2024-01-16T05:30:00Z,2024-01-16T06:30:00+01:00,4.970968,5.05508264,0.08411464,63.0
2024-01-16T05:45:00Z,2024-01-16T06:45:00+01:00,5.626744,5.71329912,0.08655512,64.63
2024-01-16T06:00:00Z,2024-01-16T07:00:00+01:00,6.146156,6.26710233,0.12094633,65.0
2024-01-16T06:15:00Z,2024-01-16T07:15:00+01:00,6.540544,6.67004014,0.12949614,61.67
2024-01-16T06:30:00Z,2024-01-16T07:30:00+01:00,6.836764,6.96802268,0.13125868,142.42
2024-01-16T06:45:00Z,2024-01-16T07:45:00+01:00,7.064912,7.21416357,0.14925157,142.18
2024-01-16T07:00:00Z,2024-01-16T08:00:00+01:00,7.250784,7.39951748,0.14873348,64.48
2024-01-16T07:15:00Z,2024-01-16T08:15:00+01:00,7.389784,7.53760596,0.14782196,65.22
2024-01-16T07:30:00Z,2024-01-16T08:30:00+01:00,7.464132,7.60520811,0.14107611,134.3
2024-01-16T07:45:00Z,2024-01-16T08:45:00+01:00,7.467704,7.62017886,0.15247486,144.35
2024-01-16T08:00:00Z,2024-01-16T09:00:00+01:00,7.390168,7.50863614,0.11846814,164.95
2024-01-16T08:15:00Z,2024-01-16T09:15:00+01:00,7.262984,7.36041088,0.09742688,166.87
2024-01-16T08:30:00Z,2024-01-16T09:30:00+01:00,7.107768,7.16779794,0.06002994,200.52
2024-01-16T08:45:00Z,2024-01-16T09:45:00+01:00,6.96948,7.05570271,0.08622271,167.79
2024-01-16T09:00:00Z,2024-01-16T10:00:00+01:00,6.869532,6.98235667,0.11282467,70.93
2024-01-16T09:15:00Z,2024-01-16T10:15:00+01:00,6.805248,6.8620529,0.0568049,70.63
2024-01-16T09:30:00Z,2024-01-16T10:30:00+01:00,6.776276,6.84990517,0.07362917,69.03
2024-01-16T09:45:00Z,2024-01-16T10:45:00+01:00,6.782404,6.84927836,0.06687436,124.47
2024-01-16T10:00:00Z,2024-01-16T11:00:00+01:00,6.81674,6.85603008,0.03929008,134.09
2024-01-16T10:15:00Z,2024-01-16T11:15:00+01:00,6.874332,6.87624726,0.00191526,71.77
2024-01-16T10:30:00Z,2024-01-16T11:30:00+01:00,6.957936,6.9708573,0.0129213,71.92
2024-01-16T10:45:00Z,2024-01-16T11:45:00+01:00,7.06852,7.07111194,0.00259194,35.3
2024-01-16T11:00:00Z,2024-01-16T12:00:00+01:00,7.197424,7.20635633,0.00893233,61.49
2024-01-16T11:15:00Z,2024-01-16T12:15:00+01:00,7.316724,7.35470838,0.03798438,47.02
2024-01-16T11:30:00Z,2024-01-16T12:30:00+01:00,7.38898,7.42065317,0.03167317,61.15
2024-01-16T11:45:00Z,2024-01-16T12:45:00+01:00,7.388896,7.43923835,0.05034235,45.16
2024-01-16T12:00:00Z,2024-01-16T13:00:00+01:00,7.290012,7.29859857,0.00858657,128.0
2024-01-16T12:15:00Z,2024-01-16T13:15:00+01:00,7.118744,7.13964514,0.02090114,129.45
2024-01-16T12:30:00Z,2024-01-16T13:30:00+01:00,6.907224,6.92531645,0.01809245,129.36
2024-01-16T12:45:00Z,2024-01-16T13:45:00+01:00,6.697324,6.74703056,0.04970656,71.6
2024-01-16T13:00:00Z,2024-01-16T14:00:00+01:00,6.51288,6.58158632,0.06870632,75.84
2024-01-16T13:15:00Z,2024-01-16T14:15:00+01:00,6.361264,6.44344712,0.08218312,74.07
2024-01-16T13:30:00Z,2024-01-16T14:30:00+01:00,6.236912,6.3241983,0.0872863,74.61
2024-01-16T13:45:00Z,2024-01-16T14:45:00+01:00,6.128568,6.18480806,0.05624006,71.98
2024-01-16T14:00:00Z,2024-01-16T15:00:00+01:00,6.038256,6.08182807,0.04357207,49.1
2024-01-16T14:15:00Z,2024-01-16T15:15:00+01:00,5.96922,5.99335675,0.02413675,54.32
2024-01-16T14:30:00Z,2024-01-16T15:30:00+01:00,5.916024,5.96180931,0.04578531,43.26
2024-01-16T14:45:00Z,2024-01-16T15:45:00+01:00,5.89418,5.92518079,0.03100079,61.86
2024-01-16T15:00:00Z,2024-01-16T16:00:00+01:00,5.90002,5.99259615,0.09257615,126.93
2024-01-16T15:15:00Z,2024-01-16T16:15:00+01:00,5.9524,6.07195138,0.11955138,128.18
2024-01-16T15:30:00Z,2024-01-16T16:30:00+01:00,6.067596,6.18869676,0.12110076,73.1
2024-01-16T15:45:00Z,2024-01-16T16:45:00+01:00,6.275028,6.39292573,0.11789773,73.57
2024-01-16T16:00:00Z,2024-01-16T17:00:00+01:00,6.57498,6.71044376,0.13546376,68.07
2024-01-16T16:15:00Z,2024-01-16T17:15:00+01:00,6.948204,7.08583564,0.13763164,71.73
2024-01-16T16:30:00Z,2024-01-16T17:30:00+01:00,7.36608,7.53053748,0.16445748,127.32
2024-01-16T16:45:00Z,2024-01-16T17:45:00+01:00,7.7971,7.96092072,0.16382072,126.94
2024-01-16T17:00:00Z,2024-01-16T18:00:00+01:00,8.214736,8.35715637,0.14242037,143.97
2024-01-16T17:15:00Z,2024-01-16T18:15:00+01:00,8.594624,8.76014828,0.16552428,149.84
2024-01-16T17:30:00Z,2024-01-16T18:30:00+01:00,8.9228,9.08679182,0.16399182,72.7
2024-01-16T17:45:00Z,2024-01-16T18:45:00+01:00,9.18728,9.37547454,0.18819454,75.45
2024-01-16T18:00:00Z,2024-01-16T19:00:00+01:00,9.369796,9.59482851,0.22503251,70.37
2024-01-16T18:15:00Z,2024-01-16T19:15:00+01:00,9.453168,9.66571175,0.21254375,136.79
2024-01-16T18:30:00Z,2024-01-16T19:30:00+01:00,9.417004,9.56277941,0.14577541,141.23
2024-01-16T18:45:00Z,2024-01-16T19:45:00+01:00,9.243496,9.43453837,0.19104237,67.5
2024-01-16T19:00:00Z,2024-01-16T20:00:00+01:00,8.933772,9.12105925,0.18728725,62.15
2024-01-16T19:15:00Z,2024-01-16T20:15:00+01:00,8.525912,8.7493325,0.2234205,67.18
2024-01-16T19:30:00Z,2024-01-16T20:30:00+01:00,8.086652,8.28008812,0.19343612,51.9
2024-01-16T19:45:00Z,2024-01-16T20:45:00+01:00,7.673564,7.86483299,0.19126899,50.48
2024-01-16T20:00:00Z,2024-01-16T21:00:00+01:00,7.334024,7.53788813,0.20386413,47.07
2024-01-16T20:15:00Z,2024-01-16T21:15:00+01:00,7.05224,7.26406546,0.21182546,51.88
2024-01-16T20:30:00Z,2024-01-16T21:30:00+01:00,6.798464,6.9720222,0.1735582,36.6
2024-01-16T20:45:00Z,2024-01-16T21:45:00+01:00,6.541992,6.6963688,0.1543768,-76.66
2024-01-16T21:00:00Z,2024-01-16T22:00:00+01:00,6.257756,6.42168805,0.16393205,49.64
2024-01-16T21:15:00Z,2024-01-16T22:15:00+01:00,5.947688,6.05903004,0.11134204,47.85
2024-01-16T21:30:00Z,2024-01-16T22:30:00+01:00,5.618956,5.67881673,0.05986073,122.17
2024-01-16T21:45:00Z,2024-01-16T22:45:00+01:00,5.271784,5.33046765,0.05868365,112.5
2024-01-16T22:00:00Z,2024-01-16T23:00:00+01:00,4.918896,4.9933178,0.0744218,131.2
2024-01-16T22:15:00Z,2024-01-16T23:15:00+01:00,4.559128,4.61977295,0.06064495,118.78
2024-01-16T22:30:00Z,2024-01-16T23:30:00+01:00,4.201464,4.274287,0.072823,117.23
2024-01-16T22:45:00Z,2024-01-16T23:45:00+01:00,3.84594,3.93052398,0.08458398,112.5
2024-01-16T23:00:00Z,2024-01-17T00:00:00+01:00,3.50234,3.62744635,0.12510635,38.08
2024-01-16T23:15:00Z,2024-01-17T00:15:00+01:00,3.180572,3.27860823,0.09803623,46.55
2024-01-16T23:30:00Z,2024-01-17T00:30:00+01:00,2.898708,3.00438817,0.10568017,56.64
2024-01-16T23:45:00Z,2024-01-17T00:45:00+01:00,2.659632,2.76262862,0.10299662,113.46
2024-01-17T00:00:00Z,2024-01-17T01:00:00+01:00,2.480772,2.58079965,0.10002765,116.47
2024-01-17T00:15:00Z,2024-01-17T01:15:00+01:00,2.353952,2.4397524,0.0858004,114.4
2024-01-17T00:30:00Z,2024-01-17T01:30:00+01:00,2.269188,2.35882254,0.08963454,114.43
2024-01-17T00:45:00Z,2024-01-17T01:45:00+01:00,2.212136,2.29816764,0.08603164,37.88
2024-01-17T01:00:00Z,2024-01-17T02:00:00+01:00,2.173708,2.26018194,0.08647394,37.21
2024-01-17T01:15:00Z,2024-01-17T02:15:00+01:00,2.145552,2.23807973,0.09252773,38.44
2024-01-17T01:30:00Z,2024-01-17T02:30:00+01:00,2.132356,2.229035,0.096679,46.63
2024-01-17T01:45:00Z,2024-01-17T02:45:00+01:00,2.117228,2.21466788,0.09743988,38.44
2024-01-17T02:00:00Z,2024-01-17T03:00:00+01:00,2.104244,2.21113289,0.10688889,30.39
2024-01-17T02:15:00Z,2024-01-17T03:15:00+01:00,2.09934,2.2046023,0.1052623,27.03
2024-01-17T02:30:00Z,2024-01-17T03:30:00+01:00,2.09414,2.19353973,0.09939973,32.97
2024-01-17T02:45:00Z,2024-01-17T03:45:00+01:00,2.105868,2.19727878,0.09141078,35.25
2024-01-17T03:00:00Z,2024-01-17T04:00:00+01:00,2.126512,2.21432506,0.08781306,112.77
2024-01-17T03:15:00Z,2024-01-17T04:15:00+01:00,2.162492,2.25459811,0.09210611,114.58
2024-01-17T03:30:00Z,2024-01-17T04:30:00+01:00,2.202976,2.30292841,0.09995241,115.0
2024-01-17T03:45:00Z,2024-01-17T04:45:00+01:00,2.249072,2.35289301,0.10382101,44.34
2024-01-17T04:00:00Z,2024-01-17T05:00:00+01:00,2.300296,2.41523961,0.11494361,31.7
2024-01-17T04:15:00Z,2024-01-17T05:15:00+01:00,2.4069,2.53278761,0.12588761,43.98
2024-01-17T04:30:00Z,2024-01-17T05:30:00+01:00,2.62128,2.75633095,0.13505095,39.25
2024-01-17T04:45:00Z,2024-01-17T05:45:00+01:00,2.996244,3.14778503,0.15154103,115.2
2024-01-17T05:00:00Z,2024-01-17T06:00:00+01:00,3.56194,3.74086583,0.17892583,9.6
2024-01-17T05:15:00Z,2024-01-17T06:15:00+01:00,4.251932,4.44251079,0.19057879,35.25
2024-01-17T05:30:00Z,2024-01-17T06:30:00+01:00,4.971108,5.18040032,0.20929232,45.79
2024-01-17T05:45:00Z,2024-01-17T06:45:00+01:00,5.627024,5.89208715,0.26506315,36.31
2024-01-17T06:00:00Z,2024-01-17T07:00:00+01:00,6.146296,6.42664253,0.28034653,1.01
2024-01-17T06:15:00Z,2024-01-17T07:15:00+01:00,6.540824,6.82663067,0.28580667,131.65
2024-01-17T06:30:00Z,2024-01-17T07:30:00+01:00,6.837044,7.11170281,0.27465881,128.82
2024-01-17T06:45:00Z,2024-01-17T07:45:00+01:00,7.065052,7.29942032,0.23436832,143.88
2024-01-17T07:00:00Z,2024-01-17T08:00:00+01:00,7.250924,7.50593492,0.25501092,60.05
2024-01-17T07:15:00Z,2024-01-17T08:15:00+01:00,7.389924,7.63256179,0.24263779,56.37
2024-01-17T07:30:00Z,2024-01-17T08:30:00+01:00,7.464272,7.66602076,0.20174876,126.16
2024-01-17T07:45:00Z,2024-01-17T08:45:00+01:00,7.467844,7.71877286,0.25092886,62.8
2024-01-17T08:00:00Z,2024-01-17T09:00:00+01:00,7.390308,7.62249198,0.23218398,56.85
2024-01-17T08:15:00Z,2024-01-17T09:15:00+01:00,7.263124,7.4797977,0.2166737,56.32
2024-01-17T08:30:00Z,2024-01-17T09:30:00+01:00,7.107908,7.338097,0.230189,59.85
2024-01-17T08:45:00Z,2024-01-17T09:45:00+01:00,6.96962,7.19537615,0.22575615,126.68
2024-01-17T09:00:00Z,2024-01-17T10:00:00+01:00,6.869672,7.0800339,0.2103619,127.76
2024-01-17T09:15:00Z,2024-01-17T10:15:00+01:00,6.805388,7.01812363,0.21273563,144.53
2024-01-17T09:30:00Z,2024-01-17T10:30:00+01:00,6.776416,6.98588365,0.20946765,143.29
2024-01-17T09:45:00Z,2024-01-17T10:45:00+01:00,6.782544,6.97955499,0.19701099,182.54
2024-01-17T10:00:00Z,2024-01-17T11:00:00+01:00,6.81688,7.00339575,0.18651575,134.67
2024-01-17T10:15:00Z,2024-01-17T11:15:00+01:00,6.874472,7.07347943,0.19900743,183.59
2024-01-17T10:30:00Z,2024-01-17T11:30:00+01:00,6.958076,7.12927026,0.17119426,65.03
2024-01-17T10:45:00Z,2024-01-17T11:45:00+01:00,7.06866,7.23702257,0.16836257,210.58
2024-01-17T11:00:00Z,2024-01-17T12:00:00+01:00,7.197704,7.38221118,0.18450718,61.23
2024-01-17T11:15:00Z,2024-01-17T12:15:00+01:00,7.317004,7.52361397,0.20660997,72.1
2024-01-17T11:30:00Z,2024-01-17T12:30:00+01:00,7.38926,7.57831273,0.18905273,65.74
2024-01-17T11:45:00Z,2024-01-17T12:45:00+01:00,7.389036,7.57555244,0.18651644,65.54
2024-01-17T12:00:00Z,2024-01-17T13:00:00+01:00,7.290292,7.47596588,0.18567388,121.22
2024-01-17T12:15:00Z,2024-01-17T13:15:00+01:00,7.118884,7.28189378,0.16300978,123.02
2024-01-17T12:30:00Z,2024-01-17T13:30:00+01:00,6.907364,7.09420856,0.18684456,120.94
2024-01-17T12:45:00Z,2024-01-17T13:45:00+01:00,6.697604,6.89155424,0.19395024,120.39
2024-01-17T13:00:00Z,2024-01-17T14:00:00+01:00,6.51302,6.70860497,0.19558497,121.31
2024-01-17T13:15:00Z,2024-01-17T14:15:00+01:00,6.361404,6.57714499,0.21574099,127.7
2024-01-17T13:30:00Z,2024-01-17T14:30:00+01:00,6.237052,6.46870891,0.23165691,128.11
2024-01-17T13:45:00Z,2024-01-17T14:45:00+01:00,6.128708,6.3294874,0.2007794,141.85
2024-01-17T14:00:00Z,2024-01-17T15:00:00+01:00,6.038396,6.21149298,0.17309698,149.24
2024-01-17T14:15:00Z,2024-01-17T15:15:00+01:00,5.96936,6.1352162,0.1658562,139.64
2024-01-17T14:30:00Z,2024-01-17T15:30:00+01:00,5.916164,6.03637223,0.12020823,121.19
2024-01-17T14:45:00Z,2024-01-17T15:45:00+01:00,5.89432,6.0329014,0.1385814,64.1
2024-01-17T15:00:00Z,2024-01-17T16:00:00+01:00,5.90016,6.04275289,0.14259289,127.89
2024-01-17T15:15:00Z,2024-01-17T16:15:00+01:00,5.95254,6.06699689,0.11445689,119.6
2024-01-17T15:30:00Z,2024-01-17T16:30:00+01:00,6.067736,6.22037995,0.15264395,122.56
2024-01-17T15:45:00Z,2024-01-17T16:45:00+01:00,6.275168,6.41909758,0.14392958,120.76
2024-01-17T16:00:00Z,2024-01-17T17:00:00+01:00,6.57512,6.72926548,0.15414548,121.65
2024-01-17T16:15:00Z,2024-01-17T17:15:00+01:00,6.948484,7.1094249,0.1609409,118.0
2024-01-17T16:30:00Z,2024-01-17T17:30:00+01:00,7.36622,7.53931808,0.17309808,71.7
2024-01-17T16:45:00Z,2024-01-17T17:45:00+01:00,7.79724,7.95088028,0.15364028,72.58
2024-01-17T17:00:00Z,2024-01-17T18:00:00+01:00,8.214876,8.40453605,0.18966005,126.13
2024-01-17T17:15:00Z,2024-01-17T18:15:00+01:00,8.594904,8.7650196,0.1701156,126.99
2024-01-17T17:30:00Z,2024-01-17T18:30:00+01:00,8.92308,9.12867789,0.20559789,78.53
2024-01-17T17:45:00Z,2024-01-17T18:45:00+01:00,9.18756,9.4154197,0.2278597,72.43
2024-01-17T18:00:00Z,2024-01-17T19:00:00+01:00,9.369936,9.58970151,0.21976551,131.54
2024-01-17T18:15:00Z,2024-01-17T19:15:00+01:00,9.453448,9.71843573,0.26498773,128.34
2024-01-17T18:30:00Z,2024-01-17T19:30:00+01:00,9.417284,9.67213799,0.25485399,125.88
2024-01-17T18:45:00Z,2024-01-17T19:45:00+01:00,9.243776,9.4485201,0.2047441,128.8
2024-01-17T19:00:00Z,2024-01-17T20:00:00+01:00,8.933912,9.14409778,0.21018578,152.41
2024-01-17T19:15:00Z,2024-01-17T20:15:00+01:00,8.526192,8.75256837,0.22637637,75.18
2024-01-17T19:30:00Z,2024-01-17T20:30:00+01:00,8.086932,8.33666829,0.24973629,69.45
2024-01-17T19:45:00Z,2024-01-17T20:45:00+01:00,7.673844,7.92087585,0.24703185,65.08
2024-01-17T20:00:00Z,2024-01-17T21:00:00+01:00,7.334304,7.61174044,0.27743644,49.46
2024-01-17T20:15:00Z,2024-01-17T21:15:00+01:00,7.05238,7.31439459,0.26201459,-32.78
2024-01-17T20:30:00Z,2024-01-17T21:30:00+01:00,6.798744,7.08620928,0.28746528,-92.45
2024-01-17T20:45:00Z,2024-01-17T21:45:00+01:00,6.542132,6.84455985,0.30242785,-158.44
2024-01-17T21:00:00Z,2024-01-17T22:00:00+01:00,6.257896,6.53349845,0.27560245,-23.1
2024-01-17T21:15:00Z,2024-01-17T22:15:00+01:00,5.947828,6.21858102,0.27075302,118.73
2024-01-17T21:30:00Z,2024-01-17T22:30:00+01:00,5.619096,5.85548942,0.23639342,119.98
2024-01-17T21:45:00Z,2024-01-17T22:45:00+01:00,5.271924,5.48660438,0.21468038,119.01
2024-01-17T22:00:00Z,2024-01-17T23:00:00+01:00,4.919036,5.082279,0.163243,119.34
2024-01-17T22:15:00Z,2024-01-17T23:15:00+01:00,4.559268,4.70691454,0.14764654,118.34
2024-01-17T22:30:00Z,2024-01-17T23:30:00+01:00,4.201604,4.34203641,0.14043241,44.98
2024-01-17T22:45:00Z,2024-01-17T23:45:00+01:00,3.84608,3.99040483,0.14432483,57.78
2024-01-17T23:00:00Z,2024-01-18T00:00:00+01:00,3.5022,3.59939922,0.09719922,119.5
2024-01-17T23:15:00Z,2024-01-18T00:15:00+01:00,3.180432,3.26396209,0.08353009,119.41
2024-01-17T23:30:00Z,2024-01-18T00:30:00+01:00,2.898568,2.96101051,0.06244251,119.0
2024-01-17T23:45:00Z,2024-01-18T00:45:00+01:00,2.659492,2.72448175,0.06498975,115.61
2024-01-18T00:00:00Z,2024-01-18T01:00:00+01:00,2.480772,2.53898636,0.05821436,23.69
2024-01-18T00:15:00Z,2024-01-18T01:15:00+01:00,2.353952,2.40633454,0.05238254,22.86
2024-01-18T00:30:00Z,2024-01-18T01:30:00+01:00,2.269188,2.33052415,0.06133615,25.25
2024-01-18T00:45:00Z,2024-01-18T01:45:00+01:00,2.212136,2.26073004,0.04859404,1.72
2024-01-18T01:00:00Z,2024-01-18T02:00:00+01:00,2.173568,2.22813273,0.05456473,26.72
2024-01-18T01:15:00Z,2024-01-18T02:15:00+01:00,2.145412,2.19667625,0.05126425,-2.06
2024-01-18T01:30:00Z,2024-01-18T02:30:00+01:00,2.132356,2.17866973,0.04631373,-7.23
2024-01-18T01:45:00Z,2024-01-18T02:45:00+01:00,2.117228,2.16827163,0.05104363,99.34
2024-01-18T02:00:00Z,2024-01-18T03:00:00+01:00,2.104244,2.15293813,0.04869413,102.37
2024-01-18T02:15:00Z,2024-01-18T03:15:00+01:00,2.0992,2.15403414,0.05483414,99.34
2024-01-18T02:30:00Z,2024-01-18T03:30:00+01:00,2.094,2.14452197,0.05052197,99.34
2024-01-18T02:45:00Z,2024-01-18T03:45:00+01:00,2.105728,2.16465728,0.05892928,1.56
2024-01-18T03:00:00Z,2024-01-18T04:00:00+01:00,2.126372,2.18708844,0.06071644,40.95
2024-01-18T03:15:00Z,2024-01-18T04:15:00+01:00,2.162492,2.23513239,0.07264039,47.71
2024-01-18T03:30:00Z,2024-01-18T04:30:00+01:00,2.202836,2.29648273,0.09364673,54.13
2024-01-18T03:45:00Z,2024-01-18T04:45:00+01:00,2.248932,2.34555942,0.09662742,38.49
2024-01-18T04:00:00Z,2024-01-18T05:00:00+01:00,2.300156,2.3950657,0.0949097,109.95
2024-01-18T04:15:00Z,2024-01-18T05:15:00+01:00,2.4069,2.51275625,0.10585625,118.63
2024-01-18T04:30:00Z,2024-01-18T05:30:00+01:00,2.62114,2.74617768,0.12503768,119.68
2024-01-18T04:45:00Z,2024-01-18T05:45:00+01:00,2.996104,3.13095664,0.13485264,119.9
2024-01-18T05:00:00Z,2024-01-18T06:00:00+01:00,3.56166,3.72228848,0.16062848,135.82
2024-01-18T05:15:00Z,2024-01-18T06:15:00+01:00,4.251792,4.43318235,0.18139035,149.13
2024-01-18T05:30:00Z,2024-01-18T06:30:00+01:00,4.970828,5.17115345,0.20032545,162.94
2024-01-18T05:45:00Z,2024-01-18T06:45:00+01:00,5.626744,5.85752083,0.23077683,161.69
2024-01-18T06:00:00Z,2024-01-18T07:00:00+01:00,6.146016,6.42208915,0.27607315,4.79
2024-01-18T06:15:00Z,2024-01-18T07:15:00+01:00,6.540404,6.83179466,0.29139066,60.88
2024-01-18T06:30:00Z,2024-01-18T07:30:00+01:00,6.836624,7.13233754,0.29571354,129.34
2024-01-18T06:45:00Z,2024-01-18T07:45:00+01:00,7.064772,7.39898696,0.33421496,129.24
2024-01-18T07:00:00Z,2024-01-18T08:00:00+01:00,7.250644,7.58667561,0.33603161,64.17
2024-01-18T07:15:00Z,2024-01-18T08:15:00+01:00,7.389644,7.73055978,0.34091578,58.64
2024-01-18T07:30:00Z,2024-01-18T08:30:00+01:00,7.463992,7.79409533,0.33010333,55.35
2024-01-18T07:45:00Z,2024-01-18T08:45:00+01:00,7.467564,7.80513669,0.33757269,127.86
2024-01-18T08:00:00Z,2024-01-18T09:00:00+01:00,7.390028,7.71716078,0.32713278,145.27
2024-01-18T08:15:00Z,2024-01-18T09:15:00+01:00,7.262844,7.57980683,0.31696283,132.24
2024-01-18T08:30:00Z,2024-01-18T09:30:00+01:00,7.107628,7.43911009,0.33148209,65.38
2024-01-18T08:45:00Z,2024-01-18T09:45:00+01:00,6.96934,7.31256354,0.34322354,65.99
2024-01-18T09:00:00Z,2024-01-18T10:00:00+01:00,6.869392,7.19549438,0.32610238,134.05
2024-01-18T09:15:00Z,2024-01-18T10:15:00+01:00,6.805108,7.10889014,0.30378214,128.42
2024-01-18T09:30:00Z,2024-01-18T10:30:00+01:00,6.776136,7.09486916,0.31873316,143.91
2024-01-18T09:45:00Z,2024-01-18T10:45:00+01:00,6.782264,7.06543816,0.28317416,142.19
2024-01-18T10:00:00Z,2024-01-18T11:00:00+01:00,6.8166,7.11012347,0.29352347,141.24
2024-01-18T10:15:00Z,2024-01-18T11:15:00+01:00,6.874192,7.21367683,0.33948483,73.1
2024-01-18T10:30:00Z,2024-01-18T11:30:00+01:00,6.957796,7.30665764,0.34886164,73.1
2024-01-18T10:45:00Z,2024-01-18T11:45:00+01:00,7.06838,7.44679677,0.37841677,137.77
2024-01-18T11:00:00Z,2024-01-18T12:00:00+01:00,7.197284,7.53081102,0.33352702,125.35
2024-01-18T11:15:00Z,2024-01-18T12:15:00+01:00,7.316584,7.66550975,0.34892575,63.61
2024-01-18T11:30:00Z,2024-01-18T12:30:00+01:00,7.38884,7.71372325,0.32488325,66.46
2024-01-18T11:45:00Z,2024-01-18T12:45:00+01:00,7.388756,7.70863864,0.31988264,120.0
2024-01-18T12:00:00Z,2024-01-18T13:00:00+01:00,7.289872,7.59695653,0.30708453,125.18
2024-01-18T12:15:00Z,2024-01-18T13:15:00+01:00,7.118604,7.45689289,0.33828889,125.29
2024-01-18T12:30:00Z,2024-01-18T13:30:00+01:00,6.907084,7.23612635,0.32904235,66.69
2024-01-18T12:45:00Z,2024-01-18T13:45:00+01:00,6.697324,7.04768933,0.35036533,66.57
2024-01-18T13:00:00Z,2024-01-18T14:00:00+01:00,6.51274,6.87386142,0.36112142,52.47
2024-01-18T13:15:00Z,2024-01-18T14:15:00+01:00,6.361124,6.6974281,0.3363041,63.25
2024-01-18T13:30:00Z,2024-01-18T14:30:00+01:00,6.236772,6.56573682,0.32896482,63.11
2024-01-18T13:45:00Z,2024-01-18T14:45:00+01:00,6.128428,6.46630485,0.33787685,128.47
2024-01-18T14:00:00Z,2024-01-18T15:00:00+01:00,6.038116,6.37648176,0.33836576,128.8
2024-01-18T14:15:00Z,2024-01-18T15:15:00+01:00,5.96908,6.27386641,0.30478641,128.2
2024-01-18T14:30:00Z,2024-01-18T15:30:00+01:00,5.915884,6.20613128,0.29024728,127.77
2024-01-18T14:45:00Z,2024-01-18T15:45:00+01:00,5.89418,6.18148373,0.28730373,65.26
2024-01-18T15:00:00Z,2024-01-18T16:00:00+01:00,5.89988,6.1786559,0.2787759,59.59
2024-01-18T15:15:00Z,2024-01-18T16:15:00+01:00,5.95226,6.25003059,0.29777059,53.48
2024-01-18T15:30:00Z,2024-01-18T16:30:00+01:00,6.067456,6.37137319,0.30391719,58.97
2024-01-18T15:45:00Z,2024-01-18T16:45:00+01:00,6.274888,6.59252537,0.31763737,125.35
2024-01-18T16:00:00Z,2024-01-18T17:00:00+01:00,6.57484,6.88014353,0.30530353,57.15
2024-01-18T16:15:00Z,2024-01-18T17:15:00+01:00,6.948204,7.26915721,0.32095321,63.34
2024-01-18T16:30:00Z,2024-01-18T17:30:00+01:00,7.36594,7.65853008,0.29259008,63.34
2024-01-18T16:45:00Z,2024-01-18T17:45:00+01:00,7.79696,8.11670502,0.31974502,63.77
2024-01-18T17:00:00Z,2024-01-18T18:00:00+01:00,8.214596,8.52723566,0.31263966,124.37
2024-01-18T17:15:00Z,2024-01-18T18:15:00+01:00,8.594484,8.92413242,0.32964842,124.26
2024-01-18T17:30:00Z,2024-01-18T18:30:00+01:00,8.92266,9.25449281,0.33183281,123.54
2024-01-18T17:45:00Z,2024-01-18T18:45:00+01:00,9.18714,9.54626541,0.35912541,72.44
2024-01-18T18:00:00Z,2024-01-18T19:00:00+01:00,9.369516,9.7096368,0.3401208,137.65
2024-01-18T18:15:00Z,2024-01-18T19:15:00+01:00,9.453028,9.74061708,0.28758908,127.33
2024-01-18T18:30:00Z,2024-01-18T19:30:00+01:00,9.416864,9.71480348,0.29793948,64.55
2024-01-18T18:45:00Z,2024-01-18T19:45:00+01:00,9.243216,9.54969784,0.30648184,134.61
2024-01-18T19:00:00Z,2024-01-18T20:00:00+01:00,8.933492,9.22249509,0.28900309,142.58
2024-01-18T19:15:00Z,2024-01-18T20:15:00+01:00,8.525772,8.79757537,0.27180337,42.89
2024-01-18T19:30:00Z,2024-01-18T20:30:00+01:00,8.086512,8.32094995,0.23443795,133.74
2024-01-18T19:45:00Z,2024-01-18T20:45:00+01:00,7.673424,7.91680801,0.24338401,8.31
2024-01-18T20:00:00Z,2024-01-18T21:00:00+01:00,7.333884,7.55852751,0.22464351,7.97
2024-01-18T20:15:00Z,2024-01-18T21:15:00+01:00,7.0521,7.28805377,0.23595377,119.07
2024-01-18T20:30:00Z,2024-01-18T21:30:00+01:00,6.798324,7.06301173,0.26468773,119.06
2024-01-18T20:45:00Z,2024-01-18T21:45:00+01:00,6.541852,6.75362582,0.21177382,118.1
2024-01-18T21:00:00Z,2024-01-18T22:00:00+01:00,6.257616,6.45865784,0.20104184,61.47
2024-01-18T21:15:00Z,2024-01-18T22:15:00+01:00,5.947548,6.12167014,0.17412214,53.69
2024-01-18T21:30:00Z,2024-01-18T22:30:00+01:00,5.618816,5.76685641,0.14804041,36.31
2024-01-18T21:45:00Z,2024-01-18T22:45:00+01:00,5.271644,5.40578114,0.13413714,39.05
2024-01-18T22:00:00Z,2024-01-18T23:00:00+01:00,4.918756,5.05100222,0.13224622,18.5
2024-01-18T22:15:00Z,2024-01-18T23:15:00+01:00,4.559128,4.69235166,0.13322366,-6.69
2024-01-18T22:30:00Z,2024-01-18T23:30:00+01:00,4.201324,4.3163915,0.1150675,-22.94
2024-01-18T22:45:00Z,2024-01-18T23:45:00+01:00,3.84594,3.94433072,0.09839072,-65.34
2024-01-18T23:00:00Z,2024-01-19T00:00:00+01:00,3.50178,3.6042552,0.1024752,-135.15
2024-01-18T23:15:00Z,2024-01-19T00:15:00+01:00,3.180012,3.27706993,0.09705793,-99.94
2024-01-18T23:30:00Z,2024-01-19T00:30:00+01:00,2.898288,2.9670942,0.0688062,-17.13
2024-01-18T23:45:00Z,2024-01-19T00:45:00+01:00,2.659072,2.72747076,0.06839876,99.0
2024-01-19T00:00:00Z,2024-01-19T01:00:00+01:00,2.480492,2.52938184,0.04888984,99.0
2024-01-19T00:15:00Z,2024-01-19T01:15:00+01:00,2.353672,2.4036925,0.0500205,99.13
2024-01-19T00:30:00Z,2024-01-19T01:30:00+01:00,2.268908,2.32153794,0.05262994,102.41
2024-01-19T00:45:00Z,2024-01-19T01:45:00+01:00,2.211856,2.27807417,0.06621817,99.19
2024-01-19T01:00:00Z,2024-01-19T02:00:00+01:00,2.173288,2.25236495,0.07907695,99.08
2024-01-19T01:15:00Z,2024-01-19T02:15:00+01:00,2.145272,2.21525994,0.06998794,98.34
2024-01-19T01:30:00Z,2024-01-19T02:30:00+01:00,2.132076,2.20064585,0.06856985,99.7
2024-01-19T01:45:00Z,2024-01-19T02:45:00+01:00,2.116948,2.18365009,0.06670209,101.4
2024-01-19T02:00:00Z,2024-01-19T03:00:00+01:00,2.103964,2.17017731,0.06621331,112.12
2024-01-19T02:15:00Z,2024-01-19T03:15:00+01:00,2.09892,2.15755848,0.05863848,106.93
2024-01-19T02:30:00Z,2024-01-19T03:30:00+01:00,2.09372,2.14746423,0.05374423,114.64
2024-01-19T02:45:00Z,2024-01-19T03:45:00+01:00,2.105448,2.15718701,0.05173901,115.29
2024-01-19T03:00:00Z,2024-01-19T04:00:00+01:00,2.126092,2.17234736,0.04625536,105.26
2024-01-19T03:15:00Z,2024-01-19T04:15:00+01:00,2.162212,2.20714164,0.04492964,98.34
2024-01-19T03:30:00Z,2024-01-19T04:30:00+01:00,2.202696,2.24722978,0.04453378,26.38
2024-01-19T03:45:00Z,2024-01-19T04:45:00+01:00,2.248652,2.29979236,0.05114036,6.07
2024-01-19T04:00:00Z,2024-01-19T05:00:00+01:00,2.299876,2.35530814,0.05543214,-25.87
2024-01-19T04:15:00Z,2024-01-19T05:15:00+01:00,2.40662,2.45750912,0.05088912,13.13
2024-01-19T04:30:00Z,2024-01-19T05:30:00+01:00,2.62086,2.68532421,0.06446421,7.9
2024-01-19T04:45:00Z,2024-01-19T05:45:00+01:00,2.995824,3.0712562,0.0754322,113.44
2024-01-19T05:00:00Z,2024-01-19T06:00:00+01:00,3.56124,3.65474664,0.09350664,112.7
2024-01-19T05:15:00Z,2024-01-19T06:15:00+01:00,4.251232,4.35961328,0.10838128,114.8
2024-01-19T05:30:00Z,2024-01-19T06:30:00+01:00,4.970268,5.11560711,0.14533911,113.29
2024-01-19T05:45:00Z,2024-01-19T06:45:00+01:00,5.626044,5.80668506,0.18064106,114.91
2024-01-19T06:00:00Z,2024-01-19T07:00:00+01:00,6.145316,6.36981125,0.22449525,-4.14
2024-01-19T06:15:00Z,2024-01-19T07:15:00+01:00,6.539704,6.79510595,0.25540195,48.66
2024-01-19T06:30:00Z,2024-01-19T07:30:00+01:00,6.835784,7.11910267,0.28331867,23.24
2024-01-19T06:45:00Z,2024-01-19T07:45:00+01:00,7.063932,7.38808645,0.32415445,113.73
2024-01-19T07:00:00Z,2024-01-19T08:00:00+01:00,7.249804,7.59301446,0.34321046,39.05
2024-01-19T07:15:00Z,2024-01-19T08:15:00+01:00,7.388804,7.71995067,0.33114667,65.31
2024-01-19T07:30:00Z,2024-01-19T08:30:00+01:00,7.463152,7.78262664,0.31947464,111.26
2024-01-19T07:45:00Z,2024-01-19T08:45:00+01:00,7.466724,7.76213583,0.29541183,112.33
2024-01-19T08:00:00Z,2024-01-19T09:00:00+01:00,7.389188,7.67855755,0.28936955,133.99
2024-01-19T08:15:00Z,2024-01-19T09:15:00+01:00,7.262004,7.54444558,0.28244158,129.55
2024-01-19T08:30:00Z,2024-01-19T09:30:00+01:00,7.106788,7.37594219,0.26915419,264.54
2024-01-19T08:45:00Z,2024-01-19T09:45:00+01:00,6.96864,7.24268236,0.27404236,212.63
2024-01-19T09:00:00Z,2024-01-19T10:00:00+01:00,6.868692,7.12115376,0.25246176,152.43
2024-01-19T09:15:00Z,2024-01-19T10:15:00+01:00,6.804408,7.07219058,0.26778258,124.69
2024-01-19T09:30:00Z,2024-01-19T10:30:00+01:00,6.775436,7.08001869,0.30458269,128.28
2024-01-19T09:45:00Z,2024-01-19T10:45:00+01:00,6.781564,7.08442448,0.30286048,119.16
2024-01-19T10:00:00Z,2024-01-19T11:00:00+01:00,6.8159,7.14178802,0.32588802,44.71
2024-01-19T10:15:00Z,2024-01-19T11:15:00+01:00,6.873492,7.18041451,0.30692251,105.23
2024-01-19T10:30:00Z,2024-01-19T11:30:00+01:00,6.957096,7.26086411,0.30376811,100.0
2024-01-19T10:45:00Z,2024-01-19T11:45:00+01:00,7.06754,7.34266764,0.27512764,100.0
2024-01-19T11:00:00Z,2024-01-19T12:00:00+01:00,7.196584,7.52240701,0.32582301,114.92
2024-01-19T11:15:00Z,2024-01-19T12:15:00+01:00,7.315744,7.63752199,0.32177799,125.27
2024-01-19T11:30:00Z,2024-01-19T12:30:00+01:00,7.388,7.71189557,0.32389557,20.7
2024-01-19T11:45:00Z,2024-01-19T12:45:00+01:00,7.387916,7.74727278,0.35935678,25.89
2024-01-19T12:00:00Z,2024-01-19T13:00:00+01:00,7.289032,7.61900136,0.32996936,41.65
2024-01-19T12:15:00Z,2024-01-19T13:15:00+01:00,7.117764,7.45077568,0.33301168,112.98
2024-01-19T12:30:00Z,2024-01-19T13:30:00+01:00,6.906244,7.24198268,0.33573868,109.18
2024-01-19T12:45:00Z,2024-01-19T13:45:00+01:00,6.696484,6.99897003,0.30248603,109.36
2024-01-19T13:00:00Z,2024-01-19T14:00:00+01:00,6.51204,6.80084374,0.28880374,107.0
2024-01-19T13:15:00Z,2024-01-19T14:15:00+01:00,6.360424,6.65099961,0.29057561,104.88
2024-01-19T13:30:00Z,2024-01-19T14:30:00+01:00,6.236072,6.54359233,0.30752033,125.13
2024-01-19T13:45:00Z,2024-01-19T14:45:00+01:00,6.127728,6.39204832,0.26432032,-0.61
2024-01-19T14:00:00Z,2024-01-19T15:00:00+01:00,6.037416,6.32809602,0.29068002,5.53
2024-01-19T14:15:00Z,2024-01-19T15:15:00+01:00,5.96852,6.25393584,0.28541584,22.55
2024-01-19T14:30:00Z,2024-01-19T15:30:00+01:00,5.915324,6.19717338,0.28184938,108.89
2024-01-19T14:45:00Z,2024-01-19T15:45:00+01:00,5.89348,6.15185095,0.25837095,109.85
2024-01-19T15:00:00Z,2024-01-19T16:00:00+01:00,5.89918,6.16588502,0.26670502,34.55
2024-01-19T15:15:00Z,2024-01-19T16:15:00+01:00,5.9517,6.22924292,0.27754292,19.21
2024-01-19T15:30:00Z,2024-01-19T16:30:00+01:00,6.066756,6.35438751,0.28763151,-8.39
2024-01-19T15:45:00Z,2024-01-19T16:45:00+01:00,6.274188,6.57247442,0.29828642,34.26
2024-01-19T16:00:00Z,2024-01-19T17:00:00+01:00,6.57414,6.91051681,0.33637681,20.92
2024-01-19T16:15:00Z,2024-01-19T17:15:00+01:00,6.947364,7.27795779,0.33059379,119.91
2024-01-19T16:30:00Z,2024-01-19T17:30:00+01:00,7.3651,7.7245094,0.3594094,116.19
2024-01-19T16:45:00Z,2024-01-19T17:45:00+01:00,7.79612,8.20149632,0.40537632,125.55
2024-01-19T17:00:00Z,2024-01-19T18:00:00+01:00,8.213616,8.6009161,0.3873001,108.87
2024-01-19T17:15:00Z,2024-01-19T18:15:00+01:00,8.593504,9.01556362,0.42205962,130.41
2024-01-19T17:30:00Z,2024-01-19T18:30:00+01:00,8.92154,9.32680734,0.40526734,127.36
2024-01-19T17:45:00Z,2024-01-19T18:45:00+01:00,9.18602,9.54448739,0.35846739,48.2
2024-01-19T18:00:00Z,2024-01-19T19:00:00+01:00,9.368396,9.74187208,0.37347608,36.28
2024-01-19T18:15:00Z,2024-01-19T19:15:00+01:00,9.451768,9.80030348,0.34853548,50.86
2024-01-19T18:30:00Z,2024-01-19T19:30:00+01:00,9.415744,9.7316425,0.3158985,37.01
2024-01-19T18:45:00Z,2024-01-19T19:45:00+01:00,9.242096,9.55971057,0.31761457,42.33
2024-01-19T19:00:00Z,2024-01-19T20:00:00+01:00,8.932372,9.20462562,0.27225362,8.77
2024-01-19T19:15:00Z,2024-01-19T20:15:00+01:00,8.524652,8.71256692,0.18791492,125.64
2024-01-19T19:30:00Z,2024-01-19T20:30:00+01:00,8.085532,8.26202434,0.17649234,100.0
2024-01-19T19:45:00Z,2024-01-19T20:45:00+01:00,7.672444,7.82293974,0.15049574,101.02
2024-01-19T20:00:00Z,2024-01-19T21:00:00+01:00,7.333044,7.48932683,0.15628283,105.83
2024-01-19T20:15:00Z,2024-01-19T21:15:00+01:00,7.05112,7.2210636,0.1699436,-4.47
2024-01-19T20:30:00Z,2024-01-19T21:30:00+01:00,6.797484,6.96666024,0.16917624,100.0
2024-01-19T20:45:00Z,2024-01-19T21:45:00+01:00,6.541012,6.71853475,0.17752275,101.89
2024-01-19T21:00:00Z,2024-01-19T22:00:00+01:00,6.256776,6.44176636,0.18499036,41.14
2024-01-19T21:15:00Z,2024-01-19T22:15:00+01:00,5.946848,6.10975168,0.16290368,36.78
2024-01-19T21:30:00Z,2024-01-19T22:30:00+01:00,5.618116,5.78853803,0.17042203,-27.39
2024-01-19T21:45:00Z,2024-01-19T22:45:00+01:00,5.270944,5.41162598,0.14068198,16.1
2024-01-19T22:00:00Z,2024-01-19T23:00:00+01:00,4.918196,5.05741049,0.13921449,30.25
2024-01-19T22:15:00Z,2024-01-19T23:15:00+01:00,4.558568,4.70956285,0.15099485,26.03
2024-01-19T22:30:00Z,2024-01-19T23:30:00+01:00,4.200904,4.32612688,0.12522288,120.43
2024-01-19T22:45:00Z,2024-01-19T23:45:00+01:00,3.84538,3.94100478,0.09562478,119.92
2024-01-19T23:00:00Z,2024-01-20T00:00:00+01:00,3.671324,3.66407451,-0.00724949,-20.88
2024-01-19T23:15:00Z,2024-01-20T00:15:00+01:00,3.573328,3.56253594,-0.01079206,-28.99
2024-01-19T23:30:00Z,2024-01-20T00:30:00+01:00,3.4889,3.48298885,-0.00591115,-36.92
2024-01-19T23:45:00Z,2024-01-20T00:45:00+01:00,3.384468,3.38083757,-0.00363043,-38.78
2024-01-20T00:00:00Z,2024-01-20T01:00:00+01:00,3.213152,3.23058744,0.01743544,-21.59
2024-01-20T00:15:00Z,2024-01-20T01:15:00+01:00,3.000892,3.01906887,0.01817687,-10.79
2024-01-20T00:30:00Z,2024-01-20T01:30:00+01:00,2.783596,2.81826357,0.03466757,104.17
2024-01-20T00:45:00Z,2024-01-20T01:45:00+01:00,2.591644,2.62387918,0.03223518,18.77
2024-01-20T01:00:00Z,2024-01-20T02:00:00+01:00,2.456684,2.47555455,0.01887055,129.51
2024-01-20T01:15:00Z,2024-01-20T02:15:00+01:00,2.373484,2.3986272,0.0251432,122.81
2024-01-20T01:30:00Z,2024-01-20T02:30:00+01:00,2.325236,2.34103219,0.01579619,125.19
2024-01-20T01:45:00Z,2024-01-20T02:45:00+01:00,2.292748,2.31028112,0.01753312,117.64
2024-01-20T02:00:00Z,2024-01-20T03:00:00+01:00,2.267376,2.28010582,0.01272982,-22.98
2024-01-20T02:15:00Z,2024-01-20T03:15:00+01:00,2.248484,2.26590745,0.01742345,-22.06
2024-01-20T02:30:00Z,2024-01-20T03:30:00+01:00,2.231168,2.24977685,0.01860885,113.36
2024-01-20T02:45:00Z,2024-01-20T03:45:00+01:00,2.214728,2.23806868,0.02334068,113.25
2024-01-20T03:00:00Z,2024-01-20T04:00:00+01:00,2.203552,2.21288551,0.00933351,126.8
2024-01-20T03:15:00Z,2024-01-20T04:15:00+01:00,2.193768,2.18349421,-0.01027379,122.22
2024-01-20T03:30:00Z,2024-01-20T04:30:00+01:00,2.189524,2.17999352,-0.00953048,121.83
2024-01-20T03:45:00Z,2024-01-20T04:45:00+01:00,2.196268,2.19738139,0.00111339,119.47
2024-01-20T04:00:00Z,2024-01-20T05:00:00+01:00,2.213864,2.20132152,-0.01254248,5.84
2024-01-20T04:15:00Z,2024-01-20T05:15:00+01:00,2.250528,2.2366593,-0.0138687,-15.95
2024-01-20T04:30:00Z,2024-01-20T05:30:00+01:00,2.314688,2.30385392,-0.01083408,4.54
2024-01-20T04:45:00Z,2024-01-20T05:45:00+01:00,2.418952,2.40236866,-0.01658334,115.32
2024-01-20T05:00:00Z,2024-01-20T06:00:00+01:00,2.572316,2.54633077,-0.02598523,119.92
2024-01-20T05:15:00Z,2024-01-20T06:15:00+01:00,2.781916,2.74707765,-0.03483835,118.03
2024-01-20T05:30:00Z,2024-01-20T06:30:00+01:00,3.05482,3.01719583,-0.03762417,119.64
2024-01-20T05:45:00Z,2024-01-20T06:45:00+01:00,3.389032,3.35779182,-0.03124018,118.67
2024-01-20T06:00:00Z,2024-01-20T07:00:00+01:00,3.794904,3.78534924,-0.00955476,39.66
2024-01-20T06:15:00Z,2024-01-20T07:15:00+01:00,4.261384,4.23255254,-0.02883146,-6.31
2024-01-20T06:30:00Z,2024-01-20T07:30:00+01:00,4.775152,4.71862523,-0.05652677,120.26
2024-01-20T06:45:00Z,2024-01-20T07:45:00+01:00,5.319204,5.27158437,-0.04761963,-17.29
2024-01-20T07:00:00Z,2024-01-20T08:00:00+01:00,5.881296,5.79390817,-0.08738783,120.11
2024-01-20T07:15:00Z,2024-01-20T08:15:00+01:00,6.428328,6.34899907,-0.07932893,124.59
2024-01-20T07:30:00Z,2024-01-20T08:30:00+01:00,6.919344,6.78527561,-0.13406839,123.54
2024-01-20T07:45:00Z,2024-01-20T08:45:00+01:00,7.314992,7.25104848,-0.06394352,-11.41
2024-01-20T08:00:00Z,2024-01-20T09:00:00+01:00,7.5923,7.53726085,-0.05503915,-21.51
2024-01-20T08:15:00Z,2024-01-20T09:15:00+01:00,7.768952,7.73501985,-0.03393215,120.3
2024-01-20T08:30:00Z,2024-01-20T09:30:00+01:00,7.874132,7.78744677,-0.08668523,121.65
2024-01-20T08:45:00Z,2024-01-20T09:45:00+01:00,7.938892,7.87954569,-0.05934631,120.74
2024-01-20T09:00:00Z,2024-01-20T10:00:00+01:00,7.988292,7.87190592,-0.11638608,122.4
2024-01-20T09:15:00Z,2024-01-20T10:15:00+01:00,8.0365,7.8999917,-0.1365083,-31.97
2024-01-20T09:30:00Z,2024-01-20T10:30:00+01:00,8.0861,7.96535075,-0.12074925,-30.11
2024-01-20T09:45:00Z,2024-01-20T10:45:00+01:00,8.14772,8.05358665,-0.09413335,-33.13
2024-01-20T10:00:00Z,2024-01-20T11:00:00+01:00,8.227092,8.12162848,-0.10546352,124.62
2024-01-20T10:15:00Z,2024-01-20T11:15:00+01:00,8.319088,8.25337044,-0.06571756,122.51
2024-01-20T10:30:00Z,2024-01-20T11:30:00+01:00,8.427716,8.37896519,-0.04875081,109.0
2024-01-20T10:45:00Z,2024-01-20T11:45:00+01:00,8.546336,8.47611821,-0.07021779,109.0
2024-01-20T11:00:00Z,2024-01-20T12:00:00+01:00,8.666172,8.62110871,-0.04506329,-28.77
2024-01-20T11:15:00Z,2024-01-20T12:15:00+01:00,8.773972,8.73051578,-0.04345622,109.0
2024-01-20T11:30:00Z,2024-01-20T12:30:00+01:00,8.838704,8.83477973,-0.00392427,109.0
2024-01-20T11:45:00Z,2024-01-20T12:45:00+01:00,8.847464,8.85589964,0.00843564,109.0
2024-01-20T12:00:00Z,2024-01-20T13:00:00+01:00,8.777228,8.79080468,0.01357668,-20.0
2024-01-20T12:15:00Z,2024-01-20T13:15:00+01:00,8.643964,8.64778099,0.00381699,-32.81
2024-01-20T12:30:00Z,2024-01-20T13:30:00+01:00,8.46078,8.47529608,0.01451608,-32.27
2024-01-20T12:45:00Z,2024-01-20T13:45:00+01:00,8.247404,8.28076765,0.03336365,-50.05
2024-01-20T13:00:00Z,2024-01-20T14:00:00+01:00,8.019996,8.07377328,0.05377728,-37.76
2024-01-20T13:15:00Z,2024-01-20T14:15:00+01:00,7.796372,7.82664836,0.03027636,117.0
2024-01-20T13:30:00Z,2024-01-20T14:30:00+01:00,7.579772,7.63002014,0.05024814,-18.85
2024-01-20T13:45:00Z,2024-01-20T14:45:00+01:00,7.387236,7.42089276,0.03365676,119.68
2024-01-20T14:00:00Z,2024-01-20T15:00:00+01:00,7.224336,7.27347177,0.04913577,-10.59
2024-01-20T14:15:00Z,2024-01-20T15:15:00+01:00,7.09264,7.1359289,0.0432889,-39.53
2024-01-20T14:30:00Z,2024-01-20T15:30:00+01:00,6.989012,7.05813561,0.06912361,-0.78
2024-01-20T14:45:00Z,2024-01-20T15:45:00+01:00,6.913692,6.95005143,0.03635943,-5.2
2024-01-20T15:00:00Z,2024-01-20T16:00:00+01:00,6.868092,6.86486149,-0.00323051,35.85
2024-01-20T15:15:00Z,2024-01-20T16:15:00+01:00,6.890696,6.87524059,-0.01545541,43.62
2024-01-20T15:30:00Z,2024-01-20T16:30:00+01:00,7.030556,7.02138314,-0.00917286,57.57
2024-01-20T15:45:00Z,2024-01-20T16:45:00+01:00,7.33562,7.3322455,-0.0033745,55.97
2024-01-20T16:00:00Z,2024-01-20T17:00:00+01:00,7.825728,7.83014893,0.00442093,-11.92
2024-01-20T16:15:00Z,2024-01-20T17:15:00+01:00,8.42966,8.48017758,0.05051758,37.08
2024-01-20T16:30:00Z,2024-01-20T17:30:00+01:00,9.044168,9.13973029,0.09556229,124.37
2024-01-20T16:45:00Z,2024-01-20T17:45:00+01:00,9.563136,9.70426884,0.14113284,125.19
2024-01-20T17:00:00Z,2024-01-20T18:00:00+01:00,9.916292,10.030649,0.114357,123.39
2024-01-20T17:15:00Z,2024-01-20T18:15:00+01:00,10.121276,10.24601568,0.12473968,54.44
2024-01-20T17:30:00Z,2024-01-20T18:30:00+01:00,10.236592,10.29576891,0.05917691,26.03
2024-01-20T17:45:00Z,2024-01-20T18:45:00+01:00,10.307444,10.34300719,0.03556319,34.71
2024-01-20T18:00:00Z,2024-01-20T19:00:00+01:00,10.370608,10.38792447,0.01731647,23.31
2024-01-20T18:15:00Z,2024-01-20T19:15:00+01:00,10.37414,10.40240277,0.02826277,24.14
2024-01-20T18:30:00Z,2024-01-20T19:30:00+01:00,10.259988,10.2261347,-0.0338533,28.04
2024-01-20T18:45:00Z,2024-01-20T19:45:00+01:00,9.958516,9.97056196,0.01204596,25.87
2024-01-20T19:00:00Z,2024-01-20T20:00:00+01:00,9.43964,9.46320652,0.02356652,122.17
2024-01-20T19:15:00Z,2024-01-20T20:15:00+01:00,8.780968,8.78230161,0.00133361,121.27
2024-01-20T19:30:00Z,2024-01-20T20:30:00+01:00,8.08652,8.09666621,0.01014621,120.14
2024-01-20T19:45:00Z,2024-01-20T20:45:00+01:00,7.4703,7.46927879,-0.00102121,117.0
2024-01-20T20:00:00Z,2024-01-20T21:00:00+01:00,7.009784,7.00070925,-0.00907475,121.0
2024-01-20T20:15:00Z,2024-01-20T21:15:00+01:00,6.689792,6.68268967,-0.00710233,119.26
2024-01-20T20:30:00Z,2024-01-20T21:30:00+01:00,6.476376,6.442928,-0.033448,19.68
2024-01-20T20:45:00Z,2024-01-20T21:45:00+01:00,6.331492,6.31519607,-0.01629593,18.5
2024-01-20T21:00:00Z,2024-01-20T22:00:00+01:00,6.217336,6.21352698,-0.00380902,7.97
2024-01-20T21:15:00Z,2024-01-20T22:15:00+01:00,6.107392,6.10204971,-0.00534229,-15.46
2024-01-20T21:30:00Z,2024-01-20T22:30:00+01:00,5.97536,5.98758413,0.01222413,119.27
2024-01-20T21:45:00Z,2024-01-20T22:45:00+01:00,5.803756,5.81449279,0.01073679,118.5
2024-01-20T22:00:00Z,2024-01-20T23:00:00+01:00,5.57076,5.56593972,-0.00482028,119.89
2024-01-20T22:15:00Z,2024-01-20T23:15:00+01:00,5.286256,5.27472349,-0.01153251,119.84
2024-01-20T22:30:00Z,2024-01-20T23:30:00+01:00,4.975492,4.96343609,-0.01205591,119.72
2024-01-20T22:45:00Z,2024-01-20T23:45:00+01:00,4.660988,4.67081014,0.00982214,117.19
2024-01-20T23:00:00Z,2024-01-21T00:00:00+01:00,4.35126,4.37442424,0.02316424,118.9
2024-01-20T23:15:00Z,2024-01-21T00:15:00+01:00,4.0527,4.08980439,0.03710439,115.34
2024-01-20T23:30:00Z,2024-01-21T00:30:00+01:00,3.76924,3.82840413,0.05916413,89.27
2024-01-20T23:45:00Z,2024-01-21T00:45:00+01:00,3.4966,3.54393362,0.04733362,85.0
2024-01-21T00:00:00Z,2024-01-21T01:00:00+01:00,3.234616,3.2685325,0.0339165,91.32
2024-01-21T00:15:00Z,2024-01-21T01:15:00+01:00,2.995636,3.01916144,0.02352544,100.63
2024-01-21T00:30:00Z,2024-01-21T01:30:00+01:00,2.783004,2.81684743,0.03384343,85.0
2024-01-21T00:45:00Z,2024-01-21T01:45:00+01:00,2.610016,2.64756757,0.03755157,85.0
2024-01-21T01:00:00Z,2024-01-21T02:00:00+01:00,2.483772,2.52106197,0.03728997,115.68
2024-01-21T01:15:00Z,2024-01-21T02:15:00+01:00,2.392824,2.42286833,0.03004433,104.39
2024-01-21T01:30:00Z,2024-01-21T02:30:00+01:00,2.32396,2.3349815,0.0110215,114.26
2024-01-21T01:45:00Z,2024-01-21T02:45:00+01:00,2.275528,2.29268067,0.01715267,93.92
2024-01-21T02:00:00Z,2024-01-21T03:00:00+01:00,2.229904,2.25356578,0.02366178,102.91
2024-01-21T02:15:00Z,2024-01-21T03:15:00+01:00,2.186824,2.21439934,0.02757534,89.29
2024-01-21T02:30:00Z,2024-01-21T03:30:00+01:00,2.149848,2.19433299,0.04448499,102.01
2024-01-21T02:45:00Z,2024-01-21T03:45:00+01:00,2.117648,2.15872735,0.04107935,95.26
2024-01-21T03:00:00Z,2024-01-21T04:00:00+01:00,2.086188,2.12612808,0.03994008,115.02
2024-01-21T03:15:00Z,2024-01-21T04:15:00+01:00,2.063832,2.0963466,0.0325146,89.3
2024-01-21T03:30:00Z,2024-01-21T04:30:00+01:00,2.051272,2.0852318,0.0339598,88.48
2024-01-21T03:45:00Z,2024-01-21T04:45:00+01:00,2.04496,2.07877982,0.03381982,0.57
2024-01-21T04:00:00Z,2024-01-21T05:00:00+01:00,2.050736,2.08935092,0.03861492,93.03
2024-01-21T04:15:00Z,2024-01-21T05:15:00+01:00,2.063836,2.10100479,0.03716879,105.57
2024-01-21T04:30:00Z,2024-01-21T05:30:00+01:00,2.089356,2.11631987,0.02696387,113.7
2024-01-21T04:45:00Z,2024-01-21T05:45:00+01:00,2.124784,2.14644878,0.02166478,111.92
2024-01-21T05:00:00Z,2024-01-21T06:00:00+01:00,2.174192,2.20117271,0.02698071,100.24
2024-01-21T05:15:00Z,2024-01-21T06:15:00+01:00,2.232088,2.25419367,0.02210567,104.22
2024-01-21T05:30:00Z,2024-01-21T06:30:00+01:00,2.301264,2.32880008,0.02753608,105.77
2024-01-21T05:45:00Z,2024-01-21T06:45:00+01:00,2.380504,2.41037006,0.02986606,-52.88
2024-01-21T06:00:00Z,2024-01-21T07:00:00+01:00,2.482104,2.50485756,0.02275356,-78.55
2024-01-21T06:15:00Z,2024-01-21T07:15:00+01:00,2.627168,2.64279439,0.01562639,102.24
2024-01-21T06:30:00Z,2024-01-21T07:30:00+01:00,2.855872,2.87372714,0.01785514,101.99
2024-01-21T06:45:00Z,2024-01-21T07:45:00+01:00,3.203856,3.21869757,0.01484157,102.39
2024-01-21T07:00:00Z,2024-01-21T08:00:00+01:00,3.687156,3.68516041,-0.00199559,114.68
2024-01-21T07:15:00Z,2024-01-21T08:15:00+01:00,4.274344,4.28512075,0.01077675,106.02
2024-01-21T07:30:00Z,2024-01-21T08:30:00+01:00,4.908372,4.90978371,0.00141171,19.89
2024-01-21T07:45:00Z,2024-01-21T08:45:00+01:00,5.530876,5.53703878,0.00616278,15.09
2024-01-21T08:00:00Z,2024-01-21T09:00:00+01:00,6.104352,6.0928698,-0.0114822,119.15
2024-01-21T08:15:00Z,2024-01-21T09:15:00+01:00,6.6213,6.57925281,-0.04204719,119.27
2024-01-21T08:30:00Z,2024-01-21T09:30:00+01:00,7.084672,7.07641128,-0.00826072,117.97
2024-01-21T08:45:00Z,2024-01-21T09:45:00+01:00,7.495976,7.50569525,0.00971925,119.47
2024-01-21T09:00:00Z,2024-01-21T10:00:00+01:00,7.862288,7.86296687,0.00067887,121.56
2024-01-21T09:15:00Z,2024-01-21T10:15:00+01:00,8.199988,8.20117208,0.00118408,119.84
2024-01-21T09:30:00Z,2024-01-21T10:30:00+01:00,8.523764,8.51203262,-0.01173138,118.93
2024-01-21T09:45:00Z,2024-01-21T10:45:00+01:00,8.859856,8.90541675,0.04556075,118.34
2024-01-21T10:00:00Z,2024-01-21T11:00:00+01:00,9.209404,9.27927564,0.06987164,119.55
2024-01-21T10:15:00Z,2024-01-21T11:15:00+01:00,9.545112,9.63817492,0.09306292,119.61
2024-01-21T10:30:00Z,2024-01-21T11:30:00+01:00,9.822648,9.97666718,0.15401918,119.96
2024-01-21T10:45:00Z,2024-01-21T11:45:00+01:00,10.00462,10.1224827,0.1178627,118.99
2024-01-21T11:00:00Z,2024-01-21T12:00:00+01:00,10.053044,10.14176331,0.08871931,118.93
2024-01-21T11:15:00Z,2024-01-21T12:15:00+01:00,9.970972,10.1073704,0.1363984,108.88
2024-01-21T11:30:00Z,2024-01-21T12:30:00+01:00,9.767032,9.88308461,0.11605261,110.0
2024-01-21T11:45:00Z,2024-01-21T12:45:00+01:00,9.447212,9.52045183,0.07323983,110.0
2024-01-21T12:00:00Z,2024-01-21T13:00:00+01:00,9.03226,9.0298116,-0.0024484,119.73
2024-01-21T12:15:00Z,2024-01-21T13:15:00+01:00,8.551576,8.57646408,0.02488808,110.0
2024-01-21T12:30:00Z,2024-01-21T13:30:00+01:00,8.048844,8.04825174,-0.00059226,110.0
2024-01-21T12:45:00Z,2024-01-21T13:45:00+01:00,7.569108,7.5947615,0.0256535,-4.06
2024-01-21T13:00:00Z,2024-01-21T14:00:00+01:00,7.140808,7.19503218,0.05422418,-19.14
2024-01-21T13:15:00Z,2024-01-21T14:15:00+01:00,6.769908,6.82503299,0.05512499,-20.29
2024-01-21T13:30:00Z,2024-01-21T14:30:00+01:00,6.454048,6.50794756,0.05389956,119.49
2024-01-21T13:45:00Z,2024-01-21T14:45:00+01:00,6.1902,6.27297295,0.08277295,32.91
2024-01-21T14:00:00Z,2024-01-21T15:00:00+01:00,5.97668,6.03918126,0.06250126,8.79
2024-01-21T14:15:00Z,2024-01-21T15:15:00+01:00,5.79148,5.86996461,0.07848461,118.73
2024-01-21T14:30:00Z,2024-01-21T15:30:00+01:00,5.634592,5.73991257,0.10532057,-0.87
2024-01-21T14:45:00Z,2024-01-21T15:45:00+01:00,5.48008,5.59393643,0.11385643,-8.67
2024-01-21T15:00:00Z,2024-01-21T16:00:00+01:00,5.3333,5.43281183,0.09951183,4.02
2024-01-21T15:15:00Z,2024-01-21T16:15:00+01:00,5.229052,5.30790393,0.07885193,110.0
2024-01-21T15:30:00Z,2024-01-21T16:30:00+01:00,5.211144,5.25804385,0.04689985,49.01
2024-01-21T15:45:00Z,2024-01-21T16:45:00+01:00,5.337468,5.35577394,0.01830594,60.13
2024-01-21T16:00:00Z,2024-01-21T17:00:00+01:00,5.62738,5.64656521,0.01918521,-35.8
2024-01-21T16:15:00Z,2024-01-21T17:15:00+01:00,6.040316,6.06024783,0.01993183,119.64
2024-01-21T16:30:00Z,2024-01-21T17:30:00+01:00,6.50616,6.55594202,0.04978202,119.92
2024-01-21T16:45:00Z,2024-01-21T17:45:00+01:00,6.962488,7.02188554,0.05939754,44.84
2024-01-21T17:00:00Z,2024-01-21T18:00:00+01:00,7.355232,7.39265211,0.03742011,117.0
2024-01-21T17:15:00Z,2024-01-21T18:15:00+01:00,7.689348,7.7303808,0.0410328,119.49
2024-01-21T17:30:00Z,2024-01-21T18:30:00+01:00,7.991148,8.00591635,0.01476835,117.54
2024-01-21T17:45:00Z,2024-01-21T18:45:00+01:00,8.273544,8.27798918,0.00444518,36.88
2024-01-21T18:00:00Z,2024-01-21T19:00:00+01:00,8.548808,8.5934671,0.0446591,35.08
2024-01-21T18:15:00Z,2024-01-21T19:15:00+01:00,8.771592,8.83794324,0.06635124,35.04
2024-01-21T18:30:00Z,2024-01-21T19:30:00+01:00,8.884656,8.92244039,0.03778439,35.07
2024-01-21T18:45:00Z,2024-01-21T19:45:00+01:00,8.81836,8.88034623,0.06198623,35.01
2024-01-21T19:00:00Z,2024-01-21T20:00:00+01:00,8.548836,8.60620557,0.05736957,34.78
2024-01-21T19:15:00Z,2024-01-21T20:15:00+01:00,8.135768,8.14927256,0.01350456,14.81
2024-01-21T19:30:00Z,2024-01-21T20:30:00+01:00,7.678436,7.66998058,-0.00845542,33.85
2024-01-21T19:45:00Z,2024-01-21T20:45:00+01:00,7.25992,7.24620207,-0.01371793,5.6
2024-01-21T20:00:00Z,2024-01-21T21:00:00+01:00,6.956376,6.95707185,0.00069585,33.44
2024-01-21T20:15:00Z,2024-01-21T21:15:00+01:00,6.736888,6.73853637,0.00164837,17.02
2024-01-21T20:30:00Z,2024-01-21T21:30:00+01:00,6.555044,6.55366153,-0.00138247,85.0
2024-01-21T20:45:00Z,2024-01-21T21:45:00+01:00,6.36066,6.35108439,-0.00957561,85.0
2024-01-21T21:00:00Z,2024-01-21T22:00:00+01:00,6.120924,6.12499239,0.00406839,132.77
2024-01-21T21:15:00Z,2024-01-21T22:15:00+01:00,5.8298,5.80300667,-0.02679333,100.69
2024-01-21T21:30:00Z,2024-01-21T22:30:00+01:00,5.503052,5.48266117,-0.02039083,94.93
2024-01-21T21:45:00Z,2024-01-21T22:45:00+01:00,5.147808,5.13646483,-0.01134317,109.68
2024-01-21T22:00:00Z,2024-01-21T23:00:00+01:00,4.781176,4.77324615,-0.00792985,108.58
2024-01-21T22:15:00Z,2024-01-21T23:15:00+01:00,4.41352,4.41917174,0.00565174,85.0
2024-01-21T22:30:00Z,2024-01-21T23:30:00+01:00,4.052568,4.07940825,0.02684025,102.74
2024-01-21T22:45:00Z,2024-01-21T23:45:00+01:00,3.70624,3.72141064,0.01517064,85.0
2024-01-21T23:00:00Z,2024-01-22T00:00:00+01:00,3.49898,3.46050134,-0.03847866,-23.58
2024-01-21T23:15:00Z,2024-01-22T00:15:00+01:00,3.177632,3.13876558,-0.03886642,100.72
2024-01-21T23:30:00Z,2024-01-22T00:30:00+01:00,2.896048,2.83434769,-0.06170031,-31.06
2024-01-21T23:45:00Z,2024-01-22T00:45:00+01:00,2.657112,2.60834715,-0.04876485,-18.68
