seed,score,portfolio_nmae,annual_actual_energy_mwh,annual_energy_bias,imbalance_settlement_eur,imbalance_settlement_eur_mwh,imbalance_premium_eur,imbalance_premium_eur_mwh,minimum_actual_factor,maximum_actual_factor,clipped_quarter_hours,unhedged_monthly_price_std,coarse_monthly_price_std,granular_monthly_price_std
173,0.16522114,0.01967364,43138.0,0.0032093,30503.83979857,0.70712225,13589.24391983,0.31501794,0.80934246,1.2091628,0,20.15327243,2.43238212,18.56308745
398,0.19628931,0.01982377,43138.0,0.0032093,20865.44483452,0.48369059,12666.80496022,0.2936345,0.81635607,1.20933977,0,19.95998142,2.0692812,18.41617004
391,0.27769186,0.01913031,43138.0,0.0032093,16332.89552378,0.37861967,13531.79206274,0.31368613,0.79468672,1.19675656,0,19.80338049,1.77347157,18.21391107
481,0.29252146,0.01923029,43138.0,0.0032093,31753.75517712,0.73609706,13005.98123929,0.30149708,0.79966642,1.19237346,0,19.94264762,2.26621352,18.49218376
149,0.29703123,0.01872654,43138.0,0.0032093,28016.99764415,0.64947373,15737.5632974,0.36481903,0.78912267,1.19891192,0,19.75704075,2.1241904,18.22695713
153,0.30035037,0.01940213,43138.0,0.0032093,30843.92939185,0.71500601,12368.8786757,0.28672814,0.82265225,1.22732923,0,20.07356874,2.32205488,18.56202751
493,0.3210742,0.01962822,43138.0,0.0032093,26489.78826425,0.61407085,11373.28957802,0.26364898,0.80131401,1.22255768,0,19.78772935,2.20980092,18.39495394
110,0.32652766,0.01893976,43138.0,0.0032093,26459.66147282,0.61337247,13369.8597885,0.30993231,0.79422431,1.19999193,0,20.23968288,2.4954798,18.73256376
311,0.36287786,0.01976289,43138.0,0.0032093,23454.18330437,0.54370122,10335.46012473,0.23959062,0.81321347,1.24863562,0,20.15126065,2.6094283,18.72987421
215,0.36455585,0.01928933,43138.0,0.0032093,27425.27035136,0.63575665,11740.10284332,0.27215223,0.81145132,1.19417156,0,20.03713865,2.40776608,18.48809084
36,0.38699884,0.01897374,43138.0,0.0032093,28802.18689174,0.66767553,12354.22941628,0.28638855,0.80308959,1.22307517,0,20.28072371,2.71483793,18.74739361
25,0.40056285,0.01952585,43138.0,0.0032093,22274.63664859,0.51635766,10482.24488681,0.2429933,0.78492115,1.21011822,0,20.0950682,2.37916412,18.67092957
438,0.40385718,0.01947778,43138.0,0.0032093,19504.61857649,0.45214471,10577.67079363,0.24520541,0.80461043,1.20301355,0,19.8270525,2.10756516,18.33422492
90,0.41882928,0.01947498,43138.0,0.0032093,20145.64186044,0.46700454,10360.06950743,0.2401611,0.81948334,1.20806629,0,19.8741301,2.1749146,18.51752963
21,0.4263821,0.01916797,43138.0,0.0032093,31323.75872511,0.72612914,11173.08794353,0.25900802,0.80285439,1.22834048,0,20.11545655,2.63428624,18.76444756
288,0.42954143,0.01893229,43138.0,0.0032093,21254.86848416,0.49271799,11837.08804047,0.27440048,0.81706223,1.20562839,0,19.84715645,2.06901125,18.36543085
404,0.4336313,0.01876065,43138.0,0.0032093,22217.11909835,0.51502432,12293.62133548,0.28498357,0.81111723,1.21263912,0,19.93013331,2.06521532,18.47290087
118,0.43854473,0.01896203,43138.0,0.0032093,24225.8473931,0.56158949,11611.33683938,0.26916725,0.83338807,1.19832425,0,19.95073028,2.19157427,18.45409631
293,0.44521455,0.01908732,43138.0,0.0032093,28040.95650966,0.65002913,11132.31469843,0.25806284,0.81757361,1.23101275,0,19.79157239,2.29350588,18.34591734
56,0.4529336,0.01987819,43138.0,0.0032093,27442.15431006,0.63614804,8627.59513195,0.19999989,0.81506929,1.21497171,0,20.3468687,2.57292288,18.79932266
298,0.47766356,0.01894331,43138.0,0.0032093,21275.87510808,0.49320495,11077.25171844,0.2567864,0.83586171,1.2318192,0,19.89032403,2.07359579,18.31530132
389,0.48033976,0.01897411,43138.0,0.0032093,23406.89576935,0.54260503,10943.83103551,0.25369352,0.80211312,1.21476622,0,20.03135258,2.19093135,18.54532247
79,0.50024618,0.01938181,43138.0,0.0032093,19890.3823975,0.46108726,9412.14437223,0.21818685,0.80263293,1.18629841,0,19.68240487,2.17366131,18.24007889
70,0.50336339,0.01923864,43138.0,0.0032093,19193.85552886,0.44494078,9797.41217179,0.2271179,0.78644943,1.20399997,0,20.04437372,2.22830935,18.55575847
53,0.50491302,0.0192006,43138.0,0.0032093,20133.8943142,0.46673222,9888.89760911,0.22923867,0.82050021,1.22103777,0,19.87622657,2.11364108,18.42114326
363,0.5053794,0.01951996,43138.0,0.0032093,19294.19717092,0.44726685,8917.49945329,0.20672028,0.80860215,1.20651415,0,19.8561778,2.11145484,18.42768203
6,0.50568612,0.01885976,43138.0,0.0032093,20396.81394002,0.47282707,10906.43172475,0.25282655,0.81901876,1.19352465,0,19.96859833,2.10534628,18.50357598
427,0.50998544,0.01900843,43138.0,0.0032093,20614.25982644,0.47786777,10392.60585612,0.24091534,0.80297158,1.19248968,0,20.32574507,2.70801275,18.84996805
60,0.51517048,0.01962263,43138.0,0.0032093,17895.37633747,0.4148402,8459.62333325,0.19610606,0.80639642,1.20651688,0,19.87627956,1.97605574,18.3245857
431,0.51703926,0.01918458,43138.0,0.0032093,20504.06182022,0.47531322,9754.17858139,0.22611569,0.82630309,1.22240802,0,19.85962869,2.01833194,18.35781747
31,0.51910949,0.01911605,43138.0,0.0032093,27830.56621224,0.64515198,9929.853915,0.23018809,0.82270318,1.21167771,0,20.14322836,2.54847682,18.63843226
179,0.52362102,0.01994156,43138.0,0.0032093,22985.36100321,0.53283326,7368.97282845,0.17082324,0.81265516,1.20251478,0,19.93747026,2.19350448,18.52350563
150,0.53091689,0.01923019,43138.0,0.0032093,22574.78900561,0.52331562,9406.90908413,0.21806549,0.80246837,1.19778133,0,19.9422153,2.41499259,18.52647463
223,0.54256286,0.01929723,43138.0,0.0032093,27041.47822982,0.6268598,9028.65110855,0.20929693,0.79606929,1.18441513,0,19.98010329,2.25862692,18.52060813
143,0.55065403,0.0199281,43138.0,0.0032093,12326.4332257,0.2857442,7001.48344804,0.16230431,0.82533592,1.20014879,0,19.58013585,1.76567509,18.15316686
231,0.5545819,0.01906622,43138.0,0.0032093,17605.36477416,0.40811732,9544.74314032,0.22126068,0.82154056,1.23472727,0,19.93632476,2.08971986,18.37721309
211,0.55559023,0.01918827,43138.0,0.0032093,25186.59625735,0.58386101,9160.97041948,0.21236428,0.81200976,1.21108155,0,19.75518896,1.97913159,18.27531637
155,0.56373575,0.01985379,43138.0,0.0032093,26009.10599186,0.60292795,7028.35808361,0.16292731,0.80515536,1.19173449,0,20.2311468,2.53656747,18.76832108
220,0.56604325,0.01926607,43138.0,0.0032093,16670.80111751,0.38645281,8768.22548283,0.2032599,0.8164389,1.19251986,0,19.93856711,2.17491821,18.53947061
473,0.5759309,0.01931328,43138.0,0.0032093,22563.22785215,0.52304761,8476.38643655,0.19649466,0.80251223,1.19448018,0,19.77789766,2.14557765,18.32714612
108,0.57800033,0.01862323,43138.0,0.0032093,21190.01450163,0.49121458,10528.86993384,0.24407413,0.8070305,1.27263718,0,19.8480182,2.05969069,18.41793786
376,0.58107421,0.01937934,43138.0,0.0032093,24057.40486475,0.55768475,8199.24992883,0.19007024,0.77463091,1.20463249,0,19.94935995,2.28576953,18.53559455
258,0.59258743,0.0189841,43138.0,0.0032093,19927.3548558,0.46194434,9218.90656678,0.21370732,0.81884429,1.19599883,0,19.7611564,2.03324305,18.34938662
176,0.60482487,0.01959774,43138.0,0.0032093,23289.99015589,0.53989499,7181.17329338,0.16646978,0.80810112,1.19561238,0,20.09398742,2.27294968,18.49835394
476,0.60726627,0.01956736,43138.0,0.0032093,19760.88719913,0.45808538,7236.03525888,0.16774156,0.8238809,1.1886748,0,19.99394355,2.11692642,18.49042479
92,0.61301164,0.01950445,43138.0,0.0032093,16076.1902771,0.37266888,7339.25202765,0.17013427,0.81287999,1.20935112,0,19.69651152,1.76582751,18.18227181
486,0.61310631,0.01931805,43138.0,0.0032093,15049.26410099,0.34886328,7900.68288243,0.18314903,0.80764909,1.18781304,0,19.79105279,2.26352522,18.28710868
341,0.61787165,0.01924352,43138.0,0.0032093,19338.420411,0.448292,8053.8045803,0.18669861,0.82116262,1.20273512,0,19.83780888,2.0231097,18.41425843
492,0.621001,0.01911021,43138.0,0.0032093,18804.56700108,0.43591652,8409.10330736,0.19493494,0.82848822,1.20422085,0,20.18483967,2.2852466,18.72665861
246,0.62145002,0.01943658,43138.0,0.0032093,20083.61519267,0.46556667,7416.80330702,0.17193202,0.80206373,1.2040588,0,20.13147458,2.43120151,18.71960247
227,0.63016007,0.01902217,43138.0,0.0032093,31202.67401074,0.72332222,8536.66782487,0.19789206,0.79366961,1.21562425,0,20.20501115,2.81949915,18.7790025
224,0.63410893,0.01862801,43138.0,0.0032093,24209.75761174,0.56121651,9667.27541743,0.22410115,0.80408513,1.21438965,0,20.06293997,2.30442038,18.6043226
338,0.64141265,0.0185896,43138.0,0.0032093,26663.00805698,0.61808633,9672.9949382,0.22423374,0.8078211,1.19473177,0,20.06035741,2.38841439,18.6583373
342,0.64888312,0.01893446,43138.0,0.0032093,17559.79581039,0.40706096,8518.84485855,0.1974789,0.77124872,1.20047123,0,19.83844162,1.84675298,18.33194801
426,0.65618817,0.01937682,43138.0,0.0032093,17484.12315704,0.40530676,7072.75352394,0.16395645,0.82615252,1.20953332,0,19.81718467,1.95190746,18.42774215
457,0.65698197,0.0188654,43138.0,0.0032093,16629.9771094,0.38550645,8605.08739855,0.19947813,0.81228069,1.21831402,0,19.7707991,2.05948568,18.32113522
433,0.65921672,0.01924597,43138.0,0.0032093,12870.51567764,0.2983568,7422.16924462,0.17205641,0.81923184,1.22103832,0,19.78475648,1.83408776,18.28589528
193,0.66190666,0.01903615,43138.0,0.0032093,22733.13217174,0.52698623,8015.14188509,0.18580235,0.78475235,1.20043185,0,20.04009528,2.50205921,18.65207063
467,0.66513273,0.0199875,43138.0,0.0032093,18187.58183202,0.42161393,5093.68673072,0.11807888,0.82742088,1.20902356,0,19.75213017,2.07231949,18.39745638
32,0.66550113,0.01857653,43138.0,0.0032093,25545.07184951,0.59217098,9348.75049159,0.21671729,0.80414855,1.25321827,0,19.92918888,2.30049789,18.48164735
26,0.66981156,0.01868764,43138.0,0.0032093,23528.23057533,0.54541774,8948.15183982,0.20743085,0.80604287,1.21998894,0,20.22604198,2.47591193,18.69944342
43,0.68009786,0.01900252,43138.0,0.0032093,23860.39339189,0.55311775,7842.01648314,0.18178906,0.80275352,1.20897679,0,19.97868389,2.20588763,18.50361359
45,0.68133887,0.01932193,43138.0,0.0032093,16864.52722842,0.39094365,6858.76928602,0.158996,0.80437009,1.23392323,0,19.65822171,1.99647199,18.16554107
114,0.68157832,0.01955044,43138.0,0.0032093,14775.72140231,0.34252217,6165.15021542,0.14291692,0.80389947,1.19822132,0,19.93749791,2.08528003,18.57264162
385,0.68520744,0.01880938,43138.0,0.0032093,13121.02598642,0.30416399,8348.10657641,0.19352095,0.77289289,1.22643621,0,19.5978551,1.80584723,18.134425
281,0.69239908,0.01901838,43138.0,0.0032093,16184.6142683,0.3751823,7608.41057911,0.17637374,0.81369225,1.20842214,0,19.9271511,2.01449706,18.38465729
423,0.69663757,0.01876429,43138.0,0.0032093,19390.44885833,0.4494981,8311.68965889,0.19267675,0.83406341,1.20169167,0,19.88882671,2.07643539,18.43910812
274,0.70018647,0.01948393,43138.0,0.0032093,11643.33701479,0.26990906,6085.03131134,0.14105965,0.78952802,1.19100112,0,19.67157829,1.63017939,18.14723251
55,0.7057597,0.01929638,43138.0,0.0032093,18947.90754359,0.43923936,6567.22206859,0.15223752,0.79168768,1.20370847,0,20.19352329,2.31161647,18.6766053
379,0.71187046,0.01946678,43138.0,0.0032093,18727.8611359,0.43413837,5960.41949067,0.13817097,0.79181274,1.19434356,0,19.89783004,2.14532112,18.43177316
209,0.71473189,0.0191336,43138.0,0.0032093,20043.70832594,0.46464158,6923.30844123,0.16049211,0.81214765,1.19694998,0,19.66211411,1.77165623,18.16988381
238,0.71647852,0.0197053,43138.0,0.0032093,23948.90666983,0.55516961,5170.59045683,0.11986162,0.77635315,1.25970265,0,20.01859398,2.31414285,18.55486728
279,0.71785568,0.01940148,43138.0,0.0032093,13525.70020532,0.31354491,6067.23524999,0.14064712,0.81458849,1.19897053,0,19.80643934,1.82700029,18.2873636
292,0.72342327,0.01921134,43138.0,0.0032093,19391.09982536,0.44951319,6557.32955083,0.1520082,0.81769717,1.2203034,0,20.01771716,2.21823097,18.58074419
453,0.72656182,0.01916032,43138.0,0.0032093,16274.25842046,0.37726038,6663.99695711,0.1544809,0.79808386,1.21513994,0,19.75404832,1.9706805,18.2496364
334,0.72801816,0.01945411,43138.0,0.0032093,16059.26996103,0.37227665,5754.86837861,0.13340601,0.8294968,1.25657241,0,19.92172663,2.12998925,18.34950114
172,0.72820433,0.01906196,43138.0,0.0032093,15080.89555022,0.34959654,6936.19957596,0.16079094,0.81037709,1.185373,0,19.79175161,1.94502334,18.23266473
8,0.72952381,0.01940704,43138.0005319,0.00320931,14723.0030756,0.34130008,5874.26473548,0.13617378,0.75,1.21436748,1,19.81214204,2.04958894,18.32556606
243,0.73980739,0.01896009,43138.0,0.0032093,19441.37208147,0.45067857,7068.64226719,0.16386115,0.823368,1.20176537,0,20.01499901,2.16840458,18.56980805
15,0.74191735,0.01883115,43138.0,0.0032093,23530.73467342,0.54547579,7426.12381727,0.17214808,0.8166403,1.20264449,0,20.14631213,2.270885,18.70791383
255,0.75011739,0.01932338,43138.0,0.0032093,17440.38195268,0.40429278,5815.95758282,0.13482214,0.77043672,1.18620568,0,19.75226362,2.09081779,18.37298518
350,0.76073746,0.01840815,43138.0,0.0032093,15028.08561016,0.34837233,8419.30637274,0.19517146,0.81571581,1.20395701,0,19.77763357,2.02679958,18.2602282
487,0.7619246,0.01921223,43138.00281614,0.00320937,25037.76149864,0.58041077,5973.31673298,0.13846994,0.75,1.21754456,3,20.15561961,2.49611821,18.75575747
40,0.76224073,0.0190724,43138.0,0.0032093,12418.61589213,0.28788112,6390.79490703,0.14814769,0.83070579,1.2205397,0,19.88093538,1.9869878,18.4756175
194,0.76328212,0.01925067,43138.0,0.0032093,14235.7111909,0.33000397,5836.74847111,0.1353041,0.80667197,1.21917153,0,19.50142906,1.86947597,18.08802012
106,0.76405935,0.01873524,43138.0,0.0032093,18511.08450697,0.42911318,7381.45879675,0.17111268,0.80632819,1.23234664,0,19.96898506,1.90757981,18.46936728
269,0.76559282,0.01948555,43138.0,0.0032093,26216.31844472,0.60773143,5092.62784234,0.11805433,0.82062695,1.20693202,0,20.01854967,2.36238605,18.65197813
205,0.77109463,0.01908215,43138.0,0.0032093,17137.60728361,0.39727403,6227.68067694,0.14436647,0.82562847,1.22128086,0,19.75172456,1.82805783,18.27937003
1,0.77135789,0.0194322,43138.0,0.0032093,17518.46370746,0.40610283,5166.67028633,0.11977074,0.79815806,1.22771054,0,20.10663491,2.40494061,18.72335136
104,0.77183333,0.01878601,43138.0,0.0032093,24338.30456999,0.56419641,7110.77091503,0.16483775,0.80995447,1.18894257,0,20.44757532,2.66718059,18.95921979
452,0.77580401,0.0188288,43138.0,0.0032093,17096.82058417,0.39632854,6921.5955099,0.1604524,0.81291032,1.20703938,0,19.71979673,1.8537902,18.22455711
357,0.77691968,0.01902112,43138.0,0.0032093,17630.4049957,0.40869778,6324.03061958,0.1466,0.8156746,1.20978156,0,19.78066377,1.85984415,18.33235917
475,0.7786088,0.01932471,43138.0,0.0032093,16201.92280575,0.37558354,5381.78676772,0.12475745,0.75618609,1.18575911,0,19.83760871,2.15967412,18.36336069
327,0.77889811,0.01951673,43138.0,0.0032093,21545.09999461,0.49944596,4797.58082457,0.11121473,0.7950091,1.18528487,0,19.8526509,2.16448094,18.40785658
117,0.7832184,0.01888074,43138.0,0.0032093,15100.58711042,0.35005302,6652.80501997,0.15422145,0.80622272,1.22292502,0,19.68695138,2.1098561,18.24061515
360,0.78813504,0.01953193,43138.0,0.0032093,19858.91122757,0.46035772,4612.21000093,0.10691757,0.81577258,1.19841935,0,19.84692833,2.02136957,18.39955517
185,0.79117635,0.01870557,43138.0,0.0032093,14805.43121011,0.34321089,7061.62917994,0.16369858,0.81814193,1.21075579,0,19.48074158,1.59981684,18.05272925
210,0.79713484,0.01918551,43138.0,0.0032093,20523.85809954,0.47577213,5522.40206737,0.12801711,0.79582041,1.18630136,0,19.74466047,2.0497327,18.28074108
93,0.79718387,0.01912625,43138.0,0.0032093,14268.63286074,0.33076714,5700.60878892,0.13214819,0.81100788,1.20227135,0,19.6455005,1.80633157,18.24268075
190,0.80165869,0.01866151,43138.0,0.0032093,14974.37357391,0.34712721,7036.39972749,0.16311372,0.82327026,1.2182858,0,19.87897611,2.0777375,18.47270117
458,0.80367224,0.018596,43138.0,0.0032093,23795.50973102,0.55161365,7203.82584365,0.1669949,0.80791472,1.20876186,0,19.98989175,2.33285467,18.54811754
374,0.81108769,0.01914683,43138.0,0.0032093,13089.63479097,0.30343629,5428.5309327,0.12584104,0.81417069,1.20316989,0,19.77476665,2.03351706,18.29576459
414,0.81941144,0.01908466,43138.0,0.0032093,21650.51558108,0.50188965,5490.58686164,0.12727959,0.80639299,1.20234411,0,20.00515023,2.26446809,18.55373188
303,0.8204765,0.0192718,43138.0,0.0032093,19662.02648412,0.45579365,4909.41186392,0.11380713,0.80573953,1.20825549,0,20.06667138,2.45880682,18.66330405
182,0.82103558,0.01935183,43138.0,0.0032093,11105.173935,0.25743368,4659.32555547,0.10800977,0.78192079,1.20220934,0,19.48195339,1.59138672,18.03845961
275,0.82807718,0.01931141,43138.0,0.0032093,19044.37767731,0.44147568,4675.05109888,0.10837431,0.8037472,1.22692323,0,20.03174017,2.24253456,18.59642434
477,0.83070031,0.01884838,43138.0,0.0032093,21503.90330186,0.49849097,6033.63770433,0.13986828,0.80170788,1.21965628,0,20.01522639,2.33006938,18.61368275
186,0.83310162,0.01916024,43138.0,0.0032093,10135.84436688,0.23496324,5055.66557454,0.1171975,0.82101659,1.211584,0,19.81437648,1.90285102,18.32483531
203,0.84159507,0.01931022,43138.0,0.0032093,17745.01626911,0.41135464,4474.53476226,0.10372606,0.81748799,1.20312314,0,19.92136223,2.22315287,18.41198534
30,0.84547745,0.01887735,43138.0,0.0032093,16878.63213549,0.39127062,5723.04896596,0.13266839,0.79067347,1.2032015,0,19.65278935,1.87312907,18.23761833
74,0.84599721,0.01922259,43138.0,0.0032093,11865.08681505,0.27504953,4672.69795176,0.10831976,0.82073274,1.19824771,0,19.93905994,2.17406261,18.55109714
264,0.85334304,0.01860441,43138.0,0.0032093,12966.23502995,0.30057571,6428.4887235,0.14902148,0.81577843,1.2140176,0,19.92067094,1.8467374,18.40144168
37,0.85888205,0.0187163,43138.0,0.0032093,21078.93352268,0.48863956,6006.98377196,0.1392504,0.78587693,1.22966329,0,19.79724893,1.95115751,18.35425743
216,0.86068999,0.01880625,43138.0,0.0032093,21425.42228068,0.49667166,5708.07127172,0.13232118,0.81046137,1.20543589,0,19.92404128,2.39753677,18.5487302
478,0.86206458,0.01914741,43138.0,0.0032093,20815.54583019,0.48253386,4657.12102208,0.10795867,0.81758532,1.19960611,0,20.14205907,2.33519276,18.696824
89,0.86217834,0.01797991,43138.0,0.0032093,23434.55809735,0.54324628,8180.84610335,0.18964361,0.8082535,1.21293987,0,20.06812902,2.23374929,18.51216711
435,0.86328261,0.01903279,43138.0,0.0032093,18940.41431649,0.43906566,4984.83996691,0.11555566,0.81262154,1.22230869,0,20.02553007,2.07375053,18.57445518
451,0.86331355,0.01904372,43138.0,0.0032093,24484.319969,0.56758125,4951.36985748,0.11477977,0.79854054,1.22036241,0,20.15281957,2.51692225,18.61655076
122,0.86678055,0.01919184,43138.0,0.0032093,16743.92267078,0.38814787,4451.74930913,0.10319786,0.80097981,1.22981932,0,19.81301505,2.20131318,18.4470847
105,0.8677451,0.01898347,43138.0,0.0032093,16872.23196958,0.39112226,5066.40516615,0.11744645,0.82857855,1.21239013,0,19.91163872,2.03329855,18.45127362
7,0.86978956,0.01885636,43138.0,0.0032093,19027.87439245,0.44109311,5419.34715054,0.12562815,0.76446927,1.23309758,0,19.88401721,2.27928273,18.51432374
359,0.87399211,0.0191934,43138.0,0.0032093,18298.40436136,0.42418296,4338.16715805,0.10056487,0.7899983,1.20302844,0,20.08210169,2.20574234,18.61976501
5,0.874849,0.01895865,43138.0,0.0032093,17577.70033545,0.40747602,5034.09616087,0.11669749,0.7939601,1.19380488,0,20.0672223,2.27842164,18.6491225
325,0.88954889,0.01909886,43138.0,0.0032093,17223.55229655,0.39926636,4388.74847093,0.10173741,0.82247325,1.23212229,0,20.13453903,2.31188535,18.73421626
244,0.89062742,0.01879669,43138.0,0.0032093,17476.55448879,0.40513131,5284.91721698,0.12251187,0.81440712,1.19750273,0,19.91829823,2.16310674,18.57345252
202,0.89273093,0.01908282,43138.0,0.0032093,17294.66908742,0.40091495,4389.14675292,0.10174664,0.81845562,1.18881066,0,19.90374049,1.99987355,18.51365329
353,0.89529347,0.01846358,43138.0,0.0032093,15878.45578708,0.36808512,6220.36818172,0.14419695,0.8140658,1.19572576,0,19.90524881,2.05628226,18.42057085
230,0.89717234,0.01838249,43138.0,0.0032093,17872.45106485,0.41430875,6436.84429263,0.14921518,0.82820564,1.20300606,0,20.00326122,2.28441359,18.49668972
361,0.89821542,0.01873893,43138.0,0.0032093,19037.87538809,0.44132494,5344.7775288,0.12389952,0.81923115,1.20792897,0,20.08428527,2.34885446,18.55128622
465,0.89876437,0.01867975,43138.0,0.0032093,16187.67022672,0.37525315,5515.18821731,0.12784988,0.76718395,1.18947769,0,19.93746109,2.39515051,18.57956339
450,0.89942244,0.0189078,43138.0,0.0032093,13559.47230092,0.31432779,4816.6359165,0.11165645,0.79697267,1.21124602,0,19.78792293,1.82390057,18.3354184
330,0.90101929,0.01895046,43138.0,0.0032093,20834.61418143,0.4829759,4663.69895573,0.10811115,0.8208338,1.21853933,0,19.93569691,2.17538073,18.52439852
120,0.90277932,0.0181569,43138.0,0.0032093,20549.05800905,0.4763563,7033.39018729,0.16304396,0.81389537,1.22434003,0,20.01806308,2.16647499,18.4988971
304,0.90544966,0.01898541,43138.0,0.0032093,14553.74168196,0.33737637,4491.26906258,0.10411398,0.8042534,1.19480889,0,19.93430185,2.11573851,18.42398383
81,0.90743748,0.01879508,43138.0,0.0032093,7989.28546189,0.18520296,5035.98064866,0.11674117,0.80956503,1.22140263,0,19.74854075,1.7576716,18.27335331
251,0.91035915,0.0189664,43138.0,0.0032093,13450.50648541,0.31180181,4474.54489814,0.10372629,0.82452202,1.20378313,0,19.89414923,2.08481288,18.45662882
437,0.92476586,0.01882956,43138.0,0.0032093,20995.13352716,0.48669696,4670.23857217,0.10826275,0.8074986,1.20842405,0,20.36007231,2.62313559,18.90073701
329,0.9273551,0.01875623,43138.0,0.0032093,13532.63672152,0.31370571,4852.57118631,0.11248948,0.80159101,1.23047068,0,20.08963251,2.26572984,18.59969885
80,0.93184954,0.01890771,43138.0,0.0032093,16323.28276226,0.37839684,4327.29780759,0.1003129,0.81351358,1.19182038,0,19.99796583,2.19338472,18.58081816
98,0.93782223,0.01822572,43138.0,0.0032093,16834.7597794,0.3902536,6296.49071036,0.14596158,0.82733441,1.21003815,0,19.51798224,1.74840564,18.04213854
33,0.95481593,0.01869002,43138.0,0.0032093,21158.87762294,0.49049278,4637.90938498,0.10751332,0.82337388,1.21356468,0,20.12005579,2.41631427,18.76428121
340,0.99869561,0.01836008,43138.0,0.0032093,13862.31570384,0.32134813,4971.68340787,0.11525067,0.82766693,1.23375722,0,19.82662411,2.01339431,18.36362748
83,1.03048727,0.01831394,43138.0,0.0032093,17299.55033954,0.4010281,4631.02050931,0.10735362,0.79151705,1.20183875,0,19.74469008,1.67268588,18.29697426
320,20.82512181,0.01971427,43138.0,0.0032093,15363.64456513,0.35615106,4212.47038968,0.09765104,0.8125243,1.22682634,0,19.92154666,2.11107105,18.43855531
322,20.92420195,0.01917521,43138.0,0.0032093,16997.73677506,0.39403164,4228.95006793,0.09803306,0.82510083,1.22080199,0,20.00621459,2.31641398,18.62557
355,20.97368344,0.01927165,43138.0,0.0032093,12271.00314641,0.28445925,4099.16461264,0.09502445,0.79018488,1.18408168,0,20.05756175,2.26226598,18.65467656
184,20.97673982,0.01895198,43138.0,0.0032093,17347.54957973,0.40214079,4214.05758908,0.09768783,0.81913558,1.19582873,0,19.78569665,2.12464892,18.32639802
66,20.97909384,0.01894499,43138.0,0.0032093,20563.29725443,0.47668638,4212.25339118,0.09764601,0.79614814,1.21766718,0,20.22160242,2.53813429,18.71826674
270,20.9984765,0.01861591,43138.0,0.0032093,15461.25487223,0.35841381,4299.88561397,0.09967744,0.79469057,1.21259561,0,19.9421573,2.04013592,18.50023271
485,21.03076122,0.01911932,43138.0,0.0032093,10677.26830306,0.24751422,4048.94089213,0.09386019,0.81574414,1.18422238,0,19.80976797,1.91335024,18.39114057
178,21.03541404,0.01926101,43138.0,0.0032093,13936.40350879,0.32306559,3986.67711619,0.09241683,0.79207145,1.20385407,0,19.98628797,2.02081196,18.51962749
50,21.05357618,0.01930335,43138.0,0.0032093,10931.56055109,0.25340907,3936.41643994,0.09125171,0.80660884,1.21720071,0,19.85008002,1.87403233,18.39605114
394,21.06836493,0.01964801,43138.0,0.0032093,14927.67898968,0.34604476,3778.41317276,0.08758897,0.80727579,1.19263761,0,19.85592095,2.27063718,18.54252097
416,21.07659091,0.01914957,43138.0,0.0032093,15462.10074474,0.35843342,3951.02719483,0.09159041,0.81645491,1.19222028,0,20.18215041,2.50520285,18.76409937
119,21.09446327,0.01884669,43138.0,0.0032093,20017.14276269,0.46402575,4031.62238828,0.09345872,0.79518638,1.25204701,0,20.41318635,2.84520881,19.11387532
287,21.14339758,0.01904927,43138.0,0.0032093,14528.54196437,0.3367922,3862.80290963,0.08954525,0.81436027,1.21895965,0,19.68128688,2.02077525,18.30048077
77,21.15122571,0.01898809,43138.0,0.0032093,14643.1786612,0.33944964,3871.12104011,0.08973807,0.81487708,1.18553337,0,19.9828367,2.25304151,18.56587777
214,21.18881568,0.01906654,43138.0,0.0032093,11378.36874062,0.26376672,3770.56685616,0.08740709,0.79818326,1.200125,0,19.85133454,2.13485967,18.44841865
218,21.19261697,0.01951191,43138.0,0.0032093,12320.70035942,0.2856113,3595.28360677,0.08334377,0.79567259,1.21649678,0,20.14106378,2.25448481,18.71111581
371,21.20957264,0.01891473,43138.0,0.0032093,18101.68873681,0.41962281,3788.69361593,0.08782729,0.81159203,1.20521714,0,20.00502418,2.178942,18.62142921
192,21.2105757,0.01901811,43138.0,0.0032093,17964.32957371,0.41643863,3747.77945048,0.08687884,0.81180943,1.20596334,0,19.82645344,2.05641627,18.44250885
260,21.23780167,0.01897338,43138.0,0.0032093,17319.71063566,0.40149545,3713.28091128,0.08607912,0.79421693,1.20208788,0,20.10989951,2.31145947,18.69715767
138,21.24991606,0.01937418,43138.0,0.0032093,13307.47318421,0.3084861,3539.13070052,0.08204207,0.82014619,1.22487954,0,19.97927756,2.29478914,18.59979427
460,21.26498374,0.01926073,43138.0,0.0032093,6219.72420712,0.14418203,3553.51584627,0.08237554,0.80558191,1.22564238,0,19.47236362,1.71484966,18.00783796
277,21.26608393,0.01914877,43138.0,0.0032093,10495.76355803,0.24330668,3593.70070664,0.08330708,0.80532939,1.18957453,0,20.08059919,2.12316945,18.57551439
100,21.27035901,0.01884131,43138.0,0.0032093,11674.3112671,0.27062709,3701.68569414,0.08581032,0.82443287,1.18471512,0,19.90625004,2.30901004,18.49161618
57,21.27340072,0.01901167,43138.0,0.0032093,19652.60652961,0.45557528,3631.64275728,0.08418663,0.81334515,1.1907627,0,19.78477518,2.17737771,18.44972834
121,21.27541702,0.01946154,43138.0,0.0032093,11602.17811289,0.26895494,3458.02998569,0.08016204,0.80204811,1.2030992,0,19.73404334,1.89442997,18.2432339
356,21.27945818,0.01895105,43138.0,0.0032093,18544.16106599,0.42987994,3643.09112107,0.08445202,0.82071162,1.22041575,0,19.80642,2.12303847,18.42585224
412,21.29328377,0.01942192,43138.0,0.0032093,15972.48526688,0.37026485,3439.26448295,0.07972703,0.81426134,1.21684443,0,19.76111818,2.07239134,18.36321395
34,21.30518708,0.01935761,43138.0,0.0032093,13266.64772685,0.3075397,3441.07590921,0.07976902,0.79839435,1.20908105,0,19.66307856,1.91340735,18.28839047
399,21.31267929,0.01969411,43138.0,0.0032093,10901.51712271,0.25271262,3299.92084792,0.07649684,0.81175989,1.19506765,0,19.92251522,2.28619122,18.52499311
181,21.3185656,0.01845596,43138.0,0.0032093,25056.92580357,0.58085507,3756.15933339,0.0870731,0.81491648,1.21608957,0,20.46590487,2.91842524,18.99786603
337,21.35712346,0.01938118,43138.0,0.0032093,19967.10067846,0.4628657,3334.15844289,0.07729052,0.8077142,1.19761731,0,20.24744217,2.68804534,18.90985632
276,21.37528724,0.01866994,43138.0,0.0032093,13527.50742126,0.3135868,3568.34221852,0.08271923,0.81345901,1.18480895,0,20.15371163,2.31713785,18.58551641
323,21.40067907,0.01927721,43138.0,0.0032093,14832.25718649,0.34383275,3291.20094672,0.0762947,0.80483009,1.20455903,0,19.79186215,1.82574098,18.34615216
494,21.46016074,0.01901666,43138.0,0.0032093,18223.93760722,0.42245671,3277.28990666,0.07597223,0.79319829,1.20025228,0,20.36206412,2.53517093,18.8836744
208,21.46775709,0.01894135,43138.0,0.0032093,14683.99286743,0.34039577,3291.37798305,0.07629881,0.80559292,1.19705059,0,19.68281947,2.01343879,18.35572629
339,21.47166633,0.01944842,43138.0,0.0032093,7216.11357084,0.16727974,3092.60291825,0.07169092,0.81999863,1.19833361,0,19.41858803,1.60256028,18.04672906
265,21.47379744,0.01915289,43138.0,0.0032093,18342.39213821,0.42520266,3200.13216257,0.0741836,0.80401309,1.20595842,0,20.04464547,2.37697379,18.56107041
254,21.47680202,0.01916731,43138.0,0.0032093,14678.09705345,0.3402591,3189.01626324,0.07392592,0.81671557,1.21739025,0,19.92338089,2.11038352,18.48592255
384,21.49873078,0.01907462,43138.0,0.0032093,12750.8517151,0.29558282,3182.6184048,0.07377761,0.79238753,1.21922875,0,19.92177627,2.0899944,18.49043226
306,21.51787451,0.01941829,43138.0,0.0032093,11892.0379607,0.2756743,3016.7690234,0.06993298,0.80661465,1.18488341,0,20.07157274,2.34022047,18.67942805
107,21.52717911,0.01932313,43138.0,0.0032093,16343.6252551,0.37886841,3035.12720507,0.07035855,0.83046908,1.1936012,0,19.78246149,2.17964729,18.43031965
247,21.5287359,0.0186554,43138.0,0.0032093,17659.75757732,0.40937822,3284.22892144,0.07613308,0.8129459,1.21086216,0,19.73158092,1.95748466,18.33783423
272,21.53373465,0.01918799,43138.0,0.0032093,8627.64273241,0.20000099,3073.76207907,0.07125416,0.81159513,1.19373282,0,19.7597208,1.75140194,18.30598301
19,21.55428037,0.01939315,43138.0,0.0032093,17253.94843428,0.39997099,2957.54719901,0.06856014,0.80619278,1.21245106,0,19.93340442,2.37679755,18.5824271
331,21.56934488,0.01914218,43138.0,0.0032093,19313.62038971,0.4477171,3023.84686813,0.07009706,0.80290254,1.23249222,0,20.06634656,2.26823904,18.70445149
135,21.58918295,0.01887249,43138.0,0.0032093,19298.17755777,0.44735912,3088.20517965,0.07158897,0.83348802,1.20519527,0,20.3347952,2.7058504,18.84467134
112,21.5905639,0.01901801,43138.0,0.0032093,7577.31850233,0.17565299,3030.67184703,0.07025527,0.80096729,1.23829242,0,19.52546496,1.56958275,18.09920519
134,21.60733244,0.0197787,43138.0,0.0032093,11734.35149563,0.2720189,2711.89369707,0.06286554,0.81559726,1.20875813,0,19.85300694,1.91216506,18.33796254
23,21.64383011,0.01983937,43138.0,0.0032093,17729.20612815,0.41098813,2620.11190007,0.06073791,0.8181435,1.20468702,0,20.10080235,2.22236462,18.61671955
370,21.64623098,0.01955935,43138.0,0.0032093,14375.00249195,0.33323294,2721.27882705,0.0630831,0.81359262,1.22609038,0,19.7838949,2.07611326,18.47583107
491,21.65005619,0.0192818,43138.0,0.0032093,22579.48966687,0.52342458,2818.82227444,0.0653443,0.82443936,1.19258863,0,20.3646032,2.76381003,18.9278286
168,21.65549705,0.01978315,43138.0,0.0032093,17889.94904898,0.41471438,2619.31676256,0.06071948,0.8180604,1.19175143,0,19.88888849,2.03678429,18.40032241
166,21.67531582,0.01924036,43138.0,0.0032093,9885.17070554,0.22915227,2786.79249579,0.0646018,0.81358426,1.20492809,0,19.80802619,2.01839995,18.38321192
347,21.69067422,0.01929728,43138.0,0.0032093,18281.49163325,0.4237909,2736.32274457,0.06343184,0.82244667,1.19431262,0,19.78759184,2.09516802,18.44650829
20,21.73127437,0.01951559,43138.0,0.0032093,13187.89380311,0.30571408,2577.29287341,0.0597453,0.7883023,1.18697921,0,19.74102529,2.06010891,18.41418937
498,21.7376004,0.01865168,43138.0,0.0032093,18547.92650648,0.42996723,2891.44489077,0.06702779,0.76428314,1.21231484,0,19.87045204,2.06976975,18.45939159
16,21.76452771,0.01913739,43138.0,0.0032093,9032.88096544,0.20939499,2657.29151482,0.06159978,0.79463818,1.22756581,0,19.8893488,1.924351,18.4290357
470,21.78801695,0.01897458,43138.0,0.0032093,15627.38051836,0.36226484,2674.41373306,0.0619967,0.81553362,1.2092451,0,19.84799565,2.21139258,18.3462719
396,21.79414043,0.01898357,43138.0,0.0032093,16790.05428018,0.38921726,2659.46452244,0.06165016,0.79459421,1.22178795,0,19.76536182,2.08064089,18.40509463
351,21.795475,0.01864977,43138.0,0.0032093,17034.81982019,0.39489127,2782.93841868,0.06451246,0.81733272,1.21596996,0,19.84240139,2.24469994,18.46137268
406,21.80022676,0.0188201,43138.0,0.0032093,15140.96109635,0.35098894,2709.67880344,0.0628142,0.78895424,1.21908161,0,19.84460936,2.0430562,18.37187868
144,21.81868967,0.01853706,43138.0,0.0032093,13898.07629994,0.32217711,2781.67003544,0.06448306,0.75774364,1.21654419,0,19.90337888,2.13475061,18.54557386
484,21.84699648,0.01934351,43138.0,0.0032093,14891.55613278,0.34520738,2423.84640643,0.0561882,0.80662378,1.23538693,0,19.86232605,2.06373898,18.45927338
377,21.85018919,0.01868968,43138.0,0.0032093,8303.35872839,0.19248363,2664.61539572,0.06176956,0.78298401,1.22204022,0,19.85948991,2.01192562,18.42013523
82,21.87305049,0.01939963,43138.0,0.0032093,17741.51981655,0.41127358,2353.4915302,0.05455727,0.81672649,1.21595874,0,19.81306473,2.27704086,18.42191284
479,21.87408059,0.01933235,43138.0,0.0032093,10777.63475311,0.24984085,2376.94264878,0.0551009,0.80277321,1.20739119,0,19.96148861,2.05087982,18.56457595
419,21.88455908,0.01906132,43138.0,0.0032093,7550.78654594,0.17503794,2459.46850528,0.05701397,0.80688389,1.22444689,0,19.76505393,2.0073284,18.27340896
259,21.8905636,0.01873277,43138.0,0.0032093,9717.09530552,0.22525605,2572.15025326,0.05962609,0.78426378,1.21292295,0,20.10733941,1.99201517,18.50431279
12,21.89567926,0.01921832,43138.0,0.0032093,15567.90996933,0.36088622,2379.22164412,0.05515373,0.80211227,1.21351357,0,19.91456228,2.07016215,18.46427092
252,21.90895843,0.01895583,43138.0,0.0032093,15810.53767143,0.36651068,2453.23926941,0.05686956,0.78285169,1.21863469,0,20.200272,2.47012508,18.80099084
94,21.9291231,0.01911668,43138.0,0.0032093,4846.99519641,0.11236022,2354.46970987,0.05457995,0.8170952,1.19176686,0,19.65445888,1.73649307,18.24564814
335,21.94106576,0.01964067,43138.0,0.0032093,14758.30275898,0.34211838,2134.14481883,0.0494725,0.82619695,1.2111429,0,20.46128008,2.66784163,19.02188697
263,21.96037902,0.01953976,43138.0,0.0032093,17297.23687374,0.40097447,2135.78629588,0.04951055,0.81103871,1.21472676,0,19.77874352,1.95415514,18.29197698
463,21.98687691,0.01864376,43138.0,0.0032093,20442.78754394,0.4738928,2423.97720163,0.05619123,0.81781601,1.19998139,0,19.76283577,2.15089288,18.36393612
464,21.99845525,0.01887149,43138.0,0.0032093,8746.99267781,0.20276769,2316.1685363,0.05369207,0.80256672,1.2289948,0,19.84498152,1.90095716,18.41244039
68,22.02009095,0.01934397,43138.0,0.0032093,14616.62232203,0.33883403,2096.99450371,0.04861131,0.81971942,1.20076357,0,19.85653305,2.11694432,18.57785848
24,22.02467784,0.01901778,43138.0,0.0032093,18891.73289111,0.43793715,2211.4611689,0.05126481,0.7973448,1.2073017,0,19.87964485,2.09887155,18.48547168
278,22.02819856,0.01956743,43138.0,0.0032093,10578.63816684,0.24522783,1997.34679246,0.04630133,0.82076241,1.20158732,0,20.08074054,2.36003429,18.62857169
449,22.04317379,0.01964923,43138.0,0.0032093,12616.56839399,0.29246994,1938.20677081,0.04493038,0.80012157,1.19945228,0,19.82166369,1.9853178,18.38199369
366,22.06097465,0.01889348,43138.0,0.0032093,11476.4380351,0.2660401,2189.87496711,0.05076441,0.79088065,1.19870109,0,19.54520013,1.69362779,18.20772925
99,22.06321637,0.01925342,43138.0,0.0032093,12818.49998838,0.297151,2049.78347036,0.04751689,0.81040862,1.1895417,0,19.95185374,2.02084565,18.51446178
496,22.07141267,0.01881298,43138.0,0.0032093,13410.93893093,0.31088458,2200.56254133,0.05101216,0.80706784,1.1948395,0,19.99193844,2.05077839,18.5106045
164,22.07909105,0.01895772,43138.0,0.0032093,10097.81432779,0.23408165,2131.43653557,0.04940972,0.81971066,1.22589821,0,19.95629869,2.08948655,18.50617311
469,22.07983628,0.01966539,43138.0,0.0032093,17547.5791064,0.40677776,1862.91279995,0.04318496,0.77312339,1.19960156,0,19.68168733,2.17497836,18.33855307
346,22.08044225,0.0193959,43138.0,0.0032093,13516.04420663,0.31332107,1963.49288821,0.04551655,0.80176207,1.20064367,0,19.76816862,2.01706625,18.35646231
395,22.10488604,0.01893715,43138.0,0.0032093,12448.00570856,0.28856242,2090.51945297,0.0484612,0.80894349,1.19899832,0,19.89511683,2.22777435,18.46504394
126,22.10661167,0.01980517,43138.0,0.0032093,11199.53012886,0.25962099,1759.62100351,0.04079051,0.82681091,1.20337771,0,19.5380554,1.67450811,18.16271181
167,22.10806798,0.01931912,43138.0,0.0032093,11349.03853574,0.2630868,1940.33721029,0.04497977,0.79790295,1.18929457,0,19.79929786,1.72374042,18.38337626
489,22.10903749,0.01921211,43138.0,0.0032093,15996.02063658,0.37081044,1978.89922868,0.04587369,0.81547093,1.19404793,0,19.70148117,2.01358509,18.29683419
256,22.11280802,0.0191037,43138.0,0.0032093,12122.74601413,0.28102244,2012.70060965,0.04665725,0.80143385,1.21204053,0,19.60125792,1.95761181,18.27713405
336,22.12656518,0.01892794,43138.0,0.0032093,20144.97224197,0.46698902,2053.07955927,0.04759329,0.81139336,1.20170903,0,19.70052303,1.87212919,18.25184673
407,22.13931708,0.01892611,43138.0,0.0032093,13153.19259447,0.30490965,2029.70448639,0.04705143,0.80161648,1.20432292,0,19.76423286,1.93862802,18.29668513
429,22.20409236,0.01854805,43138.0,0.0032093,10366.42719931,0.24030848,2050.15656769,0.04752554,0.81615661,1.22683522,0,19.69149455,1.91647535,18.23066183
195,22.21717649,0.01983839,43138.0,0.0032093,11351.59642796,0.2631461,1538.41548624,0.03566265,0.81828313,1.19662858,0,20.05794243,2.1587924,18.68507267
474,22.23672581,0.01881827,43138.0,0.0032093,7886.91978336,0.18282998,1886.56916865,0.04373335,0.81158755,1.19680868,0,19.95181775,2.15934048,18.54856492
381,22.24355595,0.01934676,43138.0,0.0032093,15655.86637893,0.36292518,1674.1993783,0.03881032,0.8107515,1.18529746,0,19.96875548,2.1827818,18.54357825
448,22.24543387,0.01879233,43138.0,0.0032093,14982.31050765,0.3473112,1879.92771136,0.04357939,0.81160241,1.19298129,0,20.03144076,2.19528038,18.46562684
63,22.25050408,0.01880933,43138.0,0.0032093,17323.74075076,0.40158887,1863.9405961,0.04320879,0.77111009,1.19796222,0,19.99145516,2.15166913,18.55703399
152,22.25280632,0.0195115,43138.0,0.0032093,17833.78956089,0.41341253,1594.55657443,0.03696408,0.81301415,1.19889765,0,19.97361479,2.23332548,18.60481176
91,22.25585877,0.01949801,43138.0,0.0032093,11529.76707081,0.26727635,1593.88829497,0.03694859,0.78538182,1.2078511,0,20.05180862,2.23996582,18.59515451
10,22.27080145,0.01899164,43138.0,0.0032093,19778.35576116,0.45849033,1756.8211499,0.04072561,0.79317073,1.19967366,0,19.77498884,2.18305563,18.47793575
344,22.28164125,0.01898159,43138.0,0.0032093,10222.75337389,0.23697792,1740.15632109,0.04033929,0.80238992,1.22253875,0,19.72468278,1.87580037,18.27341514
158,22.31317839,0.01925822,43138.0,0.0032093,10582.43515623,0.24531585,1576.21964014,0.03653901,0.81543838,1.20057696,0,19.99782102,2.1876817,18.5468396
85,22.32889826,0.01901822,43138.0,0.0032093,15908.42208719,0.36877978,1637.14157994,0.03795126,0.79918494,1.18485854,0,20.19801612,2.50005235,18.72123514
22,22.33245162,0.01915841,43138.0,0.0032093,15743.73937439,0.3649622,1577.51896595,0.03656913,0.80103146,1.22033357,0,19.8307774,2.18229748,18.44329434
318,22.33515056,0.01946496,43138.0,0.0032093,15900.66168087,0.36859988,1456.71815273,0.03376879,0.78283455,1.20180773,0,20.0350406,2.50059928,18.77324032
248,22.34112118,0.01923672,43138.0,0.0032093,9534.14609895,0.22101502,1531.60011642,0.03550466,0.80391784,1.18387419,0,19.81924903,2.11126476,18.4295421
183,22.3468074,0.01951753,43138.0,0.0032093,6961.80394191,0.16138449,1414.87436983,0.03279879,0.76356675,1.21252819,0,19.90039508,1.99661663,18.50091933
133,22.35978703,0.0190768,43138.0,0.0032093,15034.95392172,0.34853155,1556.73464288,0.03608732,0.82435456,1.2088139,0,19.75494963,1.88138642,18.36588152
103,22.36080862,0.01856644,43138.0,0.0032093,13409.16826425,0.31084353,1747.44752652,0.04050831,0.78422509,1.21473546,0,20.0600018,2.37450172,18.58005934
313,22.38387817,0.01928408,43138.0,0.0032093,16640.38952159,0.38574782,1433.02656452,0.03321959,0.82749819,1.21650558,0,20.2927136,2.42877766,18.82279451
332,22.39693376,0.01868768,43138.0,0.0032093,15232.86346668,0.35311937,1633.50504922,0.03786696,0.80182685,1.23036319,0,20.22890346,2.40863546,18.77404456
383,22.40276446,0.01953255,43138.0,0.0032093,14292.76328901,0.33132652,1303.5991267,0.03021928,0.7972613,1.18887499,0,20.2709422,2.63205231,18.82890233
67,22.42396127,0.01921842,43138.0,0.0032093,15707.45702532,0.36412112,1382.16376463,0.03204052,0.81064861,1.1995609,0,19.93031871,2.18294365,18.56465538
154,22.43320121,0.01900224,43138.0,0.0032093,8750.60258364,0.20285137,1446.32447952,0.03352785,0.79304266,1.22038436,0,19.76172794,1.79781273,18.27925445
61,22.44577675,0.01903351,43138.0,0.0032093,16893.62235776,0.39161812,1410.78727483,0.03270405,0.82368511,1.21767113,0,20.32811836,2.57426585,18.80855281
319,22.47393342,0.01926495,43138.0,0.0032093,16190.8105902,0.37532594,1270.2902928,0.02944713,0.8079465,1.21080387,0,19.99875619,1.9999302,18.45642911
375,22.4834763,0.01946968,43138.0,0.0032093,12543.58317131,0.29077804,1175.00020477,0.02723817,0.80642155,1.20632316,0,19.88585737,1.99780809,18.49816473
171,22.48370633,0.01912899,43138.0,0.0032093,4865.29355026,0.1127844,1303.16370573,0.03020918,0.7612514,1.22312141,0,19.47348673,1.45969333,18.04024335
314,22.51753098,0.01887727,43138.0,0.0032093,14290.77185133,0.33128035,1334.34105158,0.03093192,0.8025865,1.19199639,0,19.94678244,2.27175173,18.56342996
446,22.5336631,0.02019253,43138.0,0.0032093,17056.0260431,0.39538287,952.7829493,0.02208686,0.81099098,1.22143171,0,19.77804591,2.00205862,18.43959187
436,22.54593025,0.01962328,43138.0,0.0032093,10295.83979902,0.23867216,999.15610163,0.02316186,0.78049295,1.20989541,0,19.92546037,1.95008389,18.45027318
284,22.55307038,0.01900631,43138.0,0.0032093,10287.63831858,0.23848204,1218.56205789,0.028248,0.82161062,1.20241772,0,19.87395931,2.09113577,18.45257319
102,22.56304234,0.01929079,43138.0,0.0032093,10614.90679713,0.24606859,1092.36040845,0.02532246,0.81824494,1.22370502,0,19.91469453,2.06882962,18.47534612
249,22.57033166,0.01864121,43138.0,0.0032093,20074.59254285,0.46535752,1323.79332235,0.03068741,0.82500859,1.20274104,0,19.78512531,2.16354431,18.45197781
499,22.60219114,0.01943298,43138.0,0.0032093,13489.54826765,0.31270685,964.80513072,0.02236555,0.82871069,1.22283516,0,19.95788994,2.14312763,18.53627606
461,22.60443001,0.01883598,43138.0,0.0032093,16438.88221934,0.3810766,1185.92410691,0.0274914,0.80691551,1.22925097,0,19.87237779,2.02482882,18.44551444
349,22.62002979,0.01933771,43138.0,0.0032093,14667.51636835,0.34001382,967.09769992,0.0224187,0.76823652,1.2189708,0,20.02071468,2.26051941,18.68846568
75,22.63650671,0.01903935,43138.0,0.0032093,14253.71811781,0.33042139,1048.6204363,0.02430851,0.82068389,1.2132483,0,20.11344261,2.47431268,18.71292716
27,22.64623835,0.01927375,43138.0,0.0032093,13967.97570394,0.32379748,941.77771774,0.02183174,0.78744372,1.18534942,0,19.97311344,2.11239183,18.49341694
240,22.66918972,0.01875295,43138.0,0.0032093,10723.36617383,0.24858283,1095.04402131,0.02538467,0.80108567,1.21490769,0,19.87188964,1.97150575,18.37850377
14,22.68319103,0.01923842,43138.0,0.0032093,17304.81054333,0.40115004,885.37541621,0.02052426,0.8040642,1.20401751,0,20.11955921,2.35177404,18.6199009
378,22.69355549,0.01930254,43138.0,0.0032093,9915.30565668,0.22985084,841.61140259,0.01950975,0.81435603,1.19172963,0,19.94388296,1.84490298,18.51977328
51,22.71340984,0.01857793,43138.0,0.0032093,6838.79223638,0.1585329,1077.65054593,0.02498147,0.8075103,1.20625597,0,19.84451838,1.84979095,18.35208664
212,22.74405894,0.01908031,43138.0,0.0032093,12623.8840444,0.29263953,830.18007779,0.01924475,0.8227887,1.2160683,0,19.96411154,2.02829131,18.50340223
285,22.77924316,0.01969624,43138.0,0.0032093,17147.23676532,0.39749726,531.28817724,0.01231601,0.81768578,1.22971087,0,19.89696814,2.09581524,18.51331123
291,22.79280244,0.01964562,43138.0,0.0032093,9298.17792629,0.21554495,524.8032501,0.01216568,0.80672733,1.20402838,0,19.68846798,1.73919902,18.27390995
2,22.81121539,0.01861198,43138.0,0.0032093,10534.26414068,0.24419918,880.20866782,0.02040448,0.76195135,1.20441453,0,19.86673556,2.1909576,18.53562252
362,22.83478762,0.01938846,43138.0,0.0032093,14840.61021762,0.34402639,542.6334057,0.01257901,0.80427753,1.20171372,0,19.90182697,2.30704431,18.56419874
129,22.83561935,0.01822676,43138.0,0.0032093,8025.34066005,0.18603877,979.55695974,0.02270752,0.7863835,1.2203143,0,19.63283857,1.89062854,18.33602761
76,22.84188019,0.01876408,43138.0,0.0032093,10065.49672401,0.23333248,764.92381747,0.01773202,0.82896928,1.20699807,0,20.01274408,2.20661339,18.57278633
170,22.84725373,0.01864724,43138.0,0.0032093,16802.23571113,0.38949965,798.88469715,0.01851928,0.81903853,1.18981657,0,19.91259069,2.24155081,18.47526031
373,22.86638208,0.01908505,43138.0,0.0032093,10461.19540385,0.24250534,597.5310948,0.01385162,0.80696334,1.19592693,0,19.95699731,2.26903946,18.58718955
286,22.91826683,0.01906921,43138.0,0.0032093,9695.53760879,0.22475631,505.58736883,0.01172023,0.81054108,1.19924434,0,19.88750178,2.13480717,18.45124911
228,22.91999849,0.01902384,43138.0,0.0032093,9589.10183915,0.22228898,519.44544242,0.01204148,0.79512803,1.21278257,0,19.89890736,1.93711363,18.49372564
35,22.92886937,0.01909586,43138.0,0.0032093,10430.95891041,0.24180442,475.51897127,0.0110232,0.81660648,1.20449435,0,19.90051138,2.00460399,18.48497893
141,22.94080742,0.01944722,43138.0,0.0032093,13150.72283332,0.3048524,320.36282924,0.00742646,0.816063,1.19765714,0,19.95057053,2.32894079,18.58169118
401,22.95305849,0.01918003,43138.0,0.0032093,16162.03190272,0.37465881,398.09690875,0.00922845,0.81097094,1.18782359,0,20.06519091,2.51136739,18.69519683
447,22.96799945,0.0190559,43138.0,0.0032093,7896.16572416,0.18304432,416.75252439,0.00966091,0.81937641,1.20957035,0,19.91036277,2.07152424,18.5077271
302,22.97424489,0.01894247,43138.0,0.0032093,15580.54014506,0.36117901,447.77835014,0.01038014,0.8206692,1.19781178,0,20.06422815,2.50086574,18.64622572
159,22.98604843,0.01905174,43138.0,0.0032093,18435.44858191,0.42735984,384.25958406,0.00890768,0.81475284,1.20876458,0,20.12396045,2.5149778,18.7542755
421,23.02161718,0.01935214,43138.0,0.0032093,11324.01032906,0.26250661,203.74283737,0.00472305,0.82504739,1.20089335,0,19.9836721,2.37212952,18.64618299
297,23.02274853,0.01881961,43138.0,0.0032093,14445.08800635,0.33485762,402.61542596,0.0093332,0.80554928,1.1848843,0,20.118895,2.48183967,18.76233644
97,23.03454404,0.01924404,43138.0,0.0032093,11659.92800732,0.27029366,220.14907357,0.00510337,0.8211036,1.19779008,0,19.7326592,1.95025655,18.38739451
157,23.055184,0.01948503,43138.0,0.0032093,15170.5256811,0.35167429,90.22964482,0.00209165,0.80915905,1.18837695,0,19.63884503,2.06177937,18.28142415
132,23.06549109,0.01866172,43138.0,0.0032093,12139.5023909,0.28141088,381.54396637,0.00884473,0.79523654,1.22094301,0,19.78684967,1.82359364,18.40759241
367,23.07185305,0.01892279,43138.0,0.0032093,11325.07495409,0.26253129,270.99383672,0.00628202,0.81529531,1.24027612,0,19.9743325,2.28393358,18.53360853
472,23.10337393,0.01963026,43138.0,0.0032093,8380.9520005,0.19428235,-55.53453348,-0.00128737,0.81761383,1.21237643,0,19.47573527,1.56213324,18.08804712
146,23.11126126,0.01947465,43138.0,0.0032093,9911.85956182,0.22977096,-11.68473007,-0.00027087,0.82279322,1.21572727,0,20.00487182,2.23731306,18.5625174
380,23.11915894,0.01921827,43138.0,0.0032093,9435.4151818,0.2187263,70.18130514,0.0016269,0.81292268,1.19594558,0,19.8192186,2.14954986,18.34467488
41,23.12509722,0.0193054,43138.0,0.0032093,12444.25335936,0.28847544,26.08797574,0.00060476,0.81264122,1.23960239,0,19.84942857,2.18880311,18.48448483
52,23.14336223,0.01930481,43138.0,0.0032093,10013.81955728,0.23213453,-8.16165082,-0.0001892,0.80872152,1.20157105,0,20.0492816,2.42877987,18.74362753
454,23.14341969,0.01996372,43138.0,0.0032093,3766.47433533,0.08731222,-256.98030609,-0.00595717,0.80815825,1.22917572,0,19.63650736,1.56215033,18.08901236
109,23.18093401,0.01970183,43138.0,0.0032093,12575.2954726,0.29151318,-228.92688433,-0.00530685,0.82312639,1.17547977,0,20.10602406,2.22903444,18.65427087
294,23.19718987,0.01839505,43138.0,0.0032093,17199.2116611,0.39870211,233.64485868,0.00541622,0.8399844,1.19773443,0,20.24370252,2.64247035,18.8006948
162,23.22772554,0.01920393,43138.0,0.0032093,18547.83764268,0.42996517,-129.30211927,-0.00299741,0.80358667,1.19984743,0,20.09062079,2.74928153,18.84253583
308,23.24583283,0.01841308,43138.0,0.0032093,11193.91385094,0.25949079,135.03658346,0.00313034,0.81992241,1.23386321,0,19.68129645,1.91023886,18.32582603
345,23.25624489,0.01932068,43138.0,0.0032093,13876.65012814,0.32168042,-227.19266997,-0.00526665,0.81941868,1.23917638,0,19.94482831,2.10670314,18.48133342
151,23.28499411,0.01949771,43138.0,0.0032093,11471.55580583,0.26592693,-348.27306308,-0.00807346,0.80416796,1.22966457,0,20.1466911,2.24539786,18.62197627
268,23.2857204,0.01894398,43138.0,0.0032093,9519.11671658,0.22066662,-140.63540826,-0.00326013,0.80377912,1.20072207,0,20.09711247,2.26875452,18.66463013
46,23.31345982,0.01930537,43138.0,0.0032093,4772.6518532,0.11063684,-329.39448818,-0.00763583,0.79726436,1.20073519,0,19.76194474,1.78747993,18.36864862
204,23.34721682,0.01920766,43138.0,0.0032093,1990.20537235,0.04613578,-356.22143493,-0.00825772,0.80352088,1.21727597,0,19.90813227,1.89702415,18.43417281
137,23.36861006,0.0192452,43138.0,0.0032093,5482.52728633,0.12709276,-410.76988037,-0.00952223,0.81329003,1.20281134,0,19.62478508,1.7757229,18.05825029
471,23.38089245,0.01881761,43138.0,0.0032093,16173.72226724,0.37492981,-272.55291244,-0.00631816,0.81689971,1.19956337,0,20.06123765,2.30276249,18.67693426
352,23.38446635,0.01890864,43138.0,0.0032093,9143.58186355,0.21196119,-313.65502162,-0.00727097,0.82863385,1.18255844,0,19.89541954,1.82712649,18.49269364
312,23.38992775,0.01921267,43138.0,0.0032093,8961.75979406,0.2077463,-438.72186989,-0.01017019,0.78472963,1.20192997,0,19.74095658,1.87988001,18.41400509
72,23.42838383,0.01888373,43138.0,0.0032093,12222.42009049,0.28333303,-387.13934798,-0.00897444,0.81998317,1.23033462,0,19.90529343,2.0494221,18.5202815
17,23.42914751,0.01868023,43138.0,0.0032093,7981.9164875,0.18503214,-311.76831804,-0.00722723,0.79547446,1.20764041,0,19.91225055,1.94836276,18.45795695
369,23.43828811,0.01858129,43138.0,0.0032093,13733.41723289,0.31836008,-291.6717731,-0.00676137,0.82704547,1.25443052,0,20.09308026,2.39386422,18.69388378
468,23.45170052,0.01953751,43138.0,0.0032093,464.69425448,0.01077227,-677.91779225,-0.0157151,0.80727034,1.22102665,0,19.78641107,1.851929,18.40310854
225,23.46038809,0.01860761,43138.0,0.0032093,8337.43236193,0.1932735,-343.31623513,-0.00795856,0.79297695,1.22174136,0,19.81791351,1.95608978,18.45592043
188,23.47027524,0.01904289,43138.0,0.0032093,9653.75226025,0.22378766,-526.27670725,-0.01219984,0.79493626,1.20426744,0,20.03124747,2.22604207,18.63854436
358,23.49224415,0.01905758,43138.0,0.0032093,3970.54483,0.09204286,-573.28267812,-0.01328951,0.79691364,1.21397763,0,19.81115664,1.81128239,18.37370082
160,23.51429761,0.0189555,43138.0,0.0032093,9874.84204388,0.22891284,-576.3746118,-0.01336118,0.81277404,1.2437401,0,19.82874727,1.86104895,18.47474748
54,23.53157729,0.01897693,43138.0,0.0032093,9450.50961802,0.21907621,-617.0724342,-0.01430461,0.78065908,1.22638663,0,20.05070504,2.18876038,18.66176319
116,23.54259913,0.01959178,43138.0,0.0032093,5965.52583393,0.13828935,-869.95622376,-0.02016682,0.81056214,1.2083277,0,20.00107101,2.28582289,18.64768441
282,23.57532863,0.01920828,43138.0,0.0032093,4973.18614053,0.11528551,-786.96842645,-0.01824304,0.82080727,1.19688436,0,19.60970461,1.61943481,18.16782149
316,23.5794881,0.01933351,43138.0,0.0032093,5533.45150753,0.12827325,-842.08806664,-0.0195208,0.80182624,1.21280204,0,19.6777079,1.88452003,18.34100444
415,23.6070838,0.01919219,43138.0,0.0032093,5807.84496809,0.13463408,-840.8264228,-0.01949155,0.80553692,1.18595231,0,20.28720461,2.39618123,18.77298285
73,23.61476089,0.01929168,43138.0,0.0032093,8055.46604597,0.18673712,-892.87023829,-0.020698,0.81711606,1.23479284,0,19.99920079,2.01428195,18.517508
113,23.63082795,0.01929936,43138.0,0.0032093,9019.91137879,0.20909433,-926.09117096,-0.02146811,0.80438989,1.22519082,0,20.00502993,2.26449275,18.60553537
289,23.63536209,0.01931775,43138.0,0.0032093,5135.34925279,0.11904468,-941.59001177,-0.02182739,0.80045345,1.20321548,0,19.51057139,1.58018013,18.13522518
382,23.70071502,0.01913335,43138.0,0.0032093,11130.26772203,0.25801539,-995.32704061,-0.02307309,0.81255483,1.19225483,0,19.97090372,2.05783792,18.59138136
462,23.70533582,0.018987,43138.0,0.0032093,9341.83546717,0.21655699,-948.80761182,-0.02199471,0.80193385,1.21507589,0,19.81930104,2.01789456,18.29941456
321,23.72500099,0.01876575,43138.0,0.0032093,6358.8939299,0.14740818,-902.40693935,-0.02091907,0.81590882,1.23804098,0,19.55544396,1.78678809,18.10712087
127,23.74908807,0.01845781,43138.0,0.0032093,13746.12983762,0.31865478,-831.63308618,-0.01927843,0.8059901,1.24222801,0,19.9945884,2.29838213,18.56872564
58,23.7700436,0.01964713,43138.0,0.0032093,11107.98787821,0.25749891,-1320.10199919,-0.03060184,0.82610399,1.20615851,0,20.06110036,2.3160216,18.68152736
241,23.78941222,0.01936783,43138.0,0.0032093,5695.71902485,0.13203484,-1251.23132124,-0.02900532,0.81184457,1.23261409,0,19.84321879,1.65039224,18.37952551
239,23.79143575,0.01939144,43138.0,0.0032093,14191.46620385,0.32897831,-1263.95980009,-0.02930038,0.80538917,1.20337939,0,20.01332293,2.27649093,18.61820761
101,23.79609551,0.01921714,43138.0,0.0032093,12817.49877162,0.29712779,-1206.96472361,-0.02797915,0.8083021,1.23573988,0,20.02709493,2.38144845,18.6756493
420,23.80541326,0.01901134,43138.0,0.0032093,2483.12003556,0.05756224,-1146.86950289,-0.02658606,0.80674767,1.22313654,0,19.36852399,1.60452207,17.87262597
466,23.87714748,0.01890655,43138.0,0.0032093,6273.85740171,0.14543691,-1242.6979304,-0.0288075,0.81083692,1.21017233,0,19.89090565,1.89331841,18.40401834
217,23.8834533,0.01864604,43138.0,0.0032093,12076.40597592,0.27994821,-1156.26648729,-0.0268039,0.78665075,1.21817311,0,19.81299025,2.1142988,18.39907891
226,23.90596532,0.01925838,43138.0,0.0032093,4579.76014986,0.10616533,-1429.88529255,-0.03314677,0.77936694,1.22490715,0,19.74164562,1.69139738,18.26931805
418,23.9145526,0.0194069,43138.0,0.0032093,4728.14774781,0.10960517,-1502.15545877,-0.03482209,0.83073938,1.21965012,0,19.65193754,1.80275804,18.17269439
18,23.99915104,0.01922601,43138.0,0.0032093,16424.81227696,0.38075044,-1593.53568902,-0.03694042,0.80481416,1.20709633,0,19.83233465,2.0218338,18.48279628
386,24.00607878,0.01962274,43138.0,0.0032093,16539.54512006,0.38341011,-1756.3598417,-0.04071491,0.80132424,1.20695658,0,20.00339377,2.45987857,18.61365078
445,24.01386596,0.01924799,43138.0,0.0032093,12257.66497274,0.28415005,-1629.60386291,-0.03777653,0.81639217,1.21054491,0,19.96196163,2.23457622,18.55416636
490,24.01519321,0.01870647,43138.0,0.0032093,8842.04991562,0.20497125,-1427.71010682,-0.03309634,0.7869863,1.18638121,0,19.85615894,2.04086528,18.55685623
397,24.0259036,0.01881457,43138.0,0.0032093,10702.79309316,0.24810592,-1488.72536155,-0.03451076,0.80900909,1.2161613,0,19.9603019,2.3619146,18.63521179
161,24.03425017,0.01905621,43138.0,0.0032093,8312.1804252,0.19268813,-1595.685086,-0.03699024,0.81423617,1.1974128,0,20.02174107,2.32564386,18.65273446
310,24.03916616,0.01923488,43138.0,0.0032093,3853.62164061,0.08933241,-1672.40485766,-0.03876872,0.80246903,1.19218839,0,19.95758382,2.11813541,18.52065964
262,24.04274664,0.01876342,43138.0,0.0032093,7302.92330764,0.16929212,-1501.20792371,-0.03480013,0.81794378,1.22005396,0,20.27197551,2.42155646,18.86846305
430,24.05067411,0.01829071,43138.0,0.0032093,6348.65822282,0.1471709,-1337.74036132,-0.03101072,0.79247641,1.21442127,0,19.80952458,1.95411772,18.41641495
198,24.06036396,0.01895837,43138.0,0.0032093,2978.55036928,0.06904702,-1608.0413163,-0.03727668,0.81403109,1.21884635,0,19.68404084,1.77075337,18.2766143
271,24.06498501,0.01961363,43138.0,0.0032093,14673.04083731,0.34014189,-1864.09460689,-0.04321236,0.81256261,1.20415998,0,20.26338118,2.79649096,18.92866118
354,24.07967979,0.01939752,43138.0,0.0032093,9515.53247286,0.22058353,-1810.25370211,-0.04196425,0.79654841,1.19446356,0,19.69703655,2.09604699,18.33535307
84,24.09777443,0.0192158,43138.0,0.0032093,8564.32132961,0.19853311,-1775.8146049,-0.0411659,0.80916923,1.22749643,0,19.74995245,1.95914557,18.39095961
237,24.13914846,0.01907121,43138.0,0.0032093,10158.59387945,0.23549061,-1799.32288064,-0.04171086,0.8020804,1.20705111,0,19.76741792,1.97783972,18.30307847
409,24.15861105,0.0193515,43138.0,0.0032093,3240.37002037,0.07511637,-1941.85011612,-0.04501484,0.80886668,1.21545744,0,19.76165365,1.69313125,18.20808963
28,24.16867037,0.01904853,43138.0,0.0032093,7013.97073153,0.16259379,-1846.47799018,-0.04280398,0.81917982,1.19172322,0,19.9622048,2.15265233,18.59534807
250,24.17709976,0.01919902,43138.0,0.0032093,12275.42087564,0.28456166,-1919.1893301,-0.04448953,0.81773831,1.19509353,0,20.04535011,2.25312018,18.58026196
432,24.17725999,0.0192837,43138.0,0.0032093,2384.34769502,0.05527256,-1951.45623813,-0.04523752,0.80692326,1.1911737,0,19.90881887,2.19084141,18.56499427
229,24.19842926,0.01895678,43138.0,0.0032093,11142.49910732,0.25829893,-1868.01118063,-0.04330315,0.7781774,1.20015494,0,20.02663158,2.15178197,18.59831389
199,24.21000652,0.01940903,43138.0,0.0032093,7037.52567822,0.16313982,-2060.56535278,-0.04776683,0.82505822,1.18659265,0,19.89904883,1.96486165,18.43873881
175,24.21514366,0.01872562,43138.0,0.0032093,15534.57312819,0.36011343,-1812.30047997,-0.04201169,0.79875491,1.1983005,0,19.83689719,2.28610499,18.53949541
39,24.21572937,0.018991,43138.0,0.0032093,10260.26740008,0.23784755,-1913.57523726,-0.04435939,0.79125842,1.19493021,0,20.02084415,2.35062592,18.64936572
11,24.23171031,0.01869293,43138.0,0.0032093,7737.55572509,0.17936751,-1831.22983896,-0.0424505,0.80205181,1.204658,0,19.72701131,2.0573025,18.37823651
459,24.2413759,0.0195936,43138.0,0.0032093,9233.16838446,0.21403793,-2189.43358243,-0.05075417,0.80907741,1.21445415,0,20.06616945,2.23699169,18.64791394
390,24.24406291,0.01927797,43138.0,0.0032093,8893.08524809,0.20615432,-2075.36795994,-0.04810997,0.78824949,1.21621895,0,19.88686099,2.22178791,18.51589982
232,24.25223628,0.01839774,43138.0,0.0032093,13077.45331878,0.30315391,-1758.54400295,-0.04076554,0.81312,1.22761951,0,19.84464334,2.16491683,18.50034518
196,24.25242841,0.0195597,43138.0,0.0032093,5243.98786301,0.12156307,-2197.49970184,-0.05094116,0.80563842,1.19220121,0,19.60941108,1.88641423,18.27799588
403,24.27384538,0.01902049,43138.0,0.0032093,8774.03816052,0.20339464,-2034.38723547,-0.04715998,0.82293162,1.21176301,0,19.90712207,2.16151697,18.41270438
136,24.31525034,0.01862354,43138.0,0.0032093,12919.07734324,0.29948253,-1962.69955111,-0.04549816,0.79086801,1.21291562,0,19.86628035,2.03898655,18.53174024
191,24.33066035,0.01937096,43138.0,0.0032093,6546.99656653,0.15176866,-2273.9042831,-0.05271233,0.79453013,1.19936108,0,19.43668244,1.58320776,18.04660989
411,24.3311891,0.01887007,43138.0,0.0032093,16494.69637652,0.38237045,-2085.8366773,-0.04835265,0.82051823,1.21817256,0,20.18800687,2.44085615,18.6870319
62,24.34381619,0.01905592,43138.0,0.0032093,2075.80704004,0.04812015,-2179.81819332,-0.05053128,0.80900551,1.19858878,0,19.65923058,1.71951594,18.28905808
111,24.34654888,0.01886098,43138.0,0.0032093,7864.16966542,0.1823026,-2111.39185988,-0.04894506,0.81608971,1.19276159,0,19.83938737,2.10060114,18.51375502
123,24.38487958,0.01879823,43138.0,0.0032093,8960.32825098,0.20771311,-2160.04945183,-0.05007301,0.78142354,1.19375572,0,19.97501215,2.21663161,18.67718624
417,24.38819138,0.01895132,43138.0,0.0032093,7345.13161367,0.17027056,-2224.08517959,-0.05155745,0.82098641,1.21940465,0,19.60292634,1.61706453,18.15829632
497,24.39519519,0.01841857,43138.0,0.0032093,6822.47226678,0.15815458,-2036.21222819,-0.04720229,0.79531745,1.20068842,0,19.9421569,2.14454126,18.5382588
283,24.42365817,0.01872061,43138.0,0.0032093,2865.81563335,0.06643367,-2203.93859778,-0.05109042,0.78859259,1.22142502,0,19.58597451,1.64951044,18.19226946
71,24.42712588,0.01924893,43138.0,0.0032093,9297.67594796,0.21553331,-2409.9004771,-0.05586491,0.8177178,1.19626509,0,19.78278533,1.92945205,18.4189774
142,24.43916696,0.01951111,43138.0,0.0032093,6940.4507901,0.16088949,-2531.58524097,-0.05868574,0.82192454,1.2029327,0,19.83665401,2.0250386,18.4208726
392,24.46639401,0.01901485,43138.0,0.0032093,9492.64723255,0.22005302,-2395.65540403,-0.05553469,0.80865234,1.20780409,0,19.82521102,1.87973296,18.35655034
128,24.49916494,0.01870948,43138.0,0.0032093,11453.61206164,0.26551097,-2342.239066,-0.05429642,0.81250166,1.21830702,0,19.89647611,2.02281088,18.45318299
96,24.55796643,0.01923945,43138.0,0.0032093,4771.78029988,0.11061663,-2653.25462394,-0.0615062,0.81332024,1.23444099,0,19.6782971,1.6990387,18.16277067
47,24.57813633,0.01969124,43138.0,0.0032093,3847.39252237,0.08918801,-2861.8533158,-0.06634182,0.81342859,1.18899879,0,19.89769358,2.2571952,18.51878721
273,24.59006028,0.01895024,43138.0,0.0032093,10972.40689672,0.25435595,-2604.66177264,-0.06037975,0.75641372,1.20674139,0,19.8850845,2.17621754,18.51350252
38,24.6059264,0.01984311,43138.0,0.0032093,9448.45532361,0.21902859,-2971.62667769,-0.06888652,0.80740654,1.20447872,0,19.49131633,1.61594426,18.11879732
495,24.61077859,0.0196983,43138.0,0.0032093,4936.27889558,0.11442994,-2926.12293462,-0.06783168,0.79190235,1.21551761,0,19.7365611,2.00985093,18.37222591
197,24.6303571,0.01909406,43138.0,0.0032093,9656.93414678,0.22386142,-2734.99761379,-0.06340112,0.8348255,1.21128981,0,19.98682526,2.28757606,18.60069939
290,24.66970704,0.01894664,43138.0,0.0032093,5980.39373642,0.13863401,-2753.61917449,-0.0638328,0.79452807,1.20349519,0,19.67173291,1.73847954,18.34743585
13,24.67346302,0.0187858,43138.0,0.0032093,6697.92323435,0.15526736,-2699.99628086,-0.06258974,0.80763793,1.22293802,0,19.94651911,2.11070412,18.5471547
439,24.70169243,0.01935715,43138.0,0.0032093,10186.96719772,0.23614834,-2968.93418195,-0.0688241,0.81502776,1.2072751,0,19.79055741,1.97529841,18.34865507
387,24.70374798,0.01961248,43138.0,0.0032093,8565.01870935,0.19854928,-3069.18950734,-0.07114816,0.81199594,1.22023778,0,20.12746697,2.4004317,18.7790104
9,24.71256684,0.01872978,43138.0,0.0032093,6609.12417569,0.15320887,-2752.65313661,-0.0638104,0.81507697,1.21957313,0,19.6567927,1.9710142,18.34654303
130,24.71310483,0.01892752,43138.0,0.0032093,4353.0496747,0.10090986,-2828.30489962,-0.06556412,0.81678592,1.20566776,0,19.73952543,1.81733958,18.3232827
440,24.71923727,0.01887113,43138.0,0.0032093,6469.78096771,0.1499787,-2818.59279705,-0.06533898,0.80504229,1.19805094,0,19.73328884,1.98844293,18.3517109
87,24.77652399,0.01910188,43138.0,0.0032093,11595.11602987,0.26879123,-3013.80815789,-0.06986435,0.82020817,1.19801697,0,19.95620839,2.48881882,18.64420927
328,24.8125725,0.01913873,43138.0,0.0032093,9833.07685469,0.22794466,-3095.75420241,-0.07176397,0.79917442,1.22364119,0,20.0455941,2.17958375,18.66582034
400,24.81271546,0.01850834,43138.0,0.0032093,9003.18469687,0.20870659,-2858.07861205,-0.06625431,0.83383703,1.19705842,0,19.73477769,2.13347035,18.34111484
413,24.83706911,0.01895044,43138.0,0.0032093,-3987.18758403,-0.09242866,-3070.91375673,-0.07118813,0.81221354,1.19924976,0,19.56636165,1.69196313,18.14853784
189,24.86456888,0.01874859,43138.0,0.0032093,12673.66375801,0.29379349,-3046.62196839,-0.07062502,0.78095039,1.20614798,0,20.02306956,2.24826224,18.63469211
253,24.88432901,0.01889658,43138.0,0.0032093,1817.24248939,0.04212626,-3139.77808604,-0.07278451,0.8084579,1.19293119,0,19.66014903,1.74942559,18.25671156
163,24.88620053,0.01980609,43138.0,0.0032093,10362.08485829,0.24020782,-3486.61159226,-0.0808246,0.78769442,1.19883649,0,20.20254108,2.74967617,18.81779449
156,24.90054329,0.01909649,43138.0,0.0032093,2749.92752431,0.06374722,-3245.83474948,-0.07524305,0.80135864,1.20677347,0,19.71738148,1.74929699,18.33231677
207,24.92618518,0.01889117,43138.0,0.0032093,7073.88542678,0.16398269,-3216.72759443,-0.07456831,0.76881225,1.20451546,0,19.73863337,2.11099735,18.46842365
422,24.9381339,0.01929206,43138.0,0.0032093,1808.68828318,0.04192796,-3390.59759156,-0.07859886,0.8337648,1.19254195,0,19.58862631,2.01766872,18.3031877
180,24.96969686,0.01932194,43138.0,0.0032093,4985.96597947,0.11558176,-3461.44731694,-0.08024126,0.79098974,1.23563975,0,19.60979677,1.72004585,18.17617442
488,24.98265011,0.01911754,43138.0,0.0032093,3048.53229171,0.0706693,-3408.73926558,-0.07901941,0.80512875,1.19037575,0,20.04200407,2.15890576,18.66655135
213,24.98605539,0.01856984,43138.0,0.0032093,3164.53134195,0.07335832,-3208.4345381,-0.07437606,0.79984105,1.21024744,0,19.68839229,1.65684192,18.28481263
59,25.00564418,0.01901338,43138.0,0.0032093,10145.21267068,0.23518041,-3412.82145586,-0.07911404,0.79996487,1.20566571,0,19.9292188,2.2462502,18.56883034
29,25.01865246,0.01912781,43138.0,0.0032093,5474.54385709,0.12690769,-3480.56231378,-0.08068437,0.80576801,1.20398963,0,19.53680114,1.70305211,18.13768044
443,25.06675365,0.01904775,43138.0,0.0032093,9358.56547196,0.21694482,-3541.12277044,-0.08208825,0.81864804,1.19574794,0,19.82480187,1.91292415,18.41896799
280,25.06830562,0.01905701,43138.0,0.0032093,6455.45565131,0.14964661,-3547.54721232,-0.08223717,0.80892282,1.23005893,0,20.11453061,2.52805626,18.83940067
115,25.10030445,0.01909291,43138.0,0.0032093,5110.92278876,0.11847844,-3621.48861566,-0.08395124,0.78884364,1.18448894,0,19.72323156,2.01908165,18.33946895
221,25.11041322,0.01938331,43138.0,0.0032093,908.28145196,0.02105525,-3750.18371176,-0.08693458,0.79240593,1.20376232,0,19.94578826,1.98668459,18.50313284
206,25.11492938,0.01882564,43138.0,0.0032093,11641.78085603,0.26987299,-3548.21057175,-0.08225255,0.81398193,1.20338348,0,20.00446771,2.36369594,18.62967422
125,25.11706819,0.01903822,43138.0,0.0032093,7514.91062051,0.17420628,-3632.48416412,-0.08420613,0.79421864,1.2178972,0,20.06848618,2.1075037,18.56314535
434,25.16812945,0.01846662,43138.0,0.0032093,5631.96300802,0.13055689,-3513.09867918,-0.08143861,0.79641403,1.20748146,0,20.04227639,2.17438573,18.60755121
348,25.22679141,0.01963315,43138.0,0.0032093,677.39488318,0.01570297,-4064.12698304,-0.09421223,0.82151541,1.19582142,0,19.69192077,1.84022244,18.28742151
410,25.23426674,0.01927576,43138.0,0.0032093,-322.9160807,-0.00748565,-3943.33215281,-0.09141203,0.81782817,1.20291075,0,19.85421827,2.09883251,18.51151535
368,25.23637993,0.01946286,43138.0,0.0032093,5773.86568973,0.13384639,-4017.94302655,-0.09314162,0.80509403,1.21934817,0,19.64111232,1.79064726,18.31329457
233,25.25911777,0.01943038,43138.0,0.0032093,11186.64829609,0.25932237,-4048.59774781,-0.09385224,0.8020416,1.18811085,0,20.09448629,2.52483978,18.82297294
261,25.26183251,0.01923674,43138.0,0.0032093,4192.74736573,0.09719383,-3980.62909599,-0.09227663,0.81706982,1.23796952,0,20.10533431,2.04685983,18.6475908
500,25.27862573,0.01860906,43138.0,0.0032093,8194.38372246,0.18995743,-3775.40119272,-0.08751915,0.79560972,1.1911452,0,20.14327388,2.49379819,18.82474683
165,25.28806488,0.01974082,43138.0,0.0032093,6582.42924795,0.15259004,-4220.40708317,-0.09783502,0.81304212,1.20299383,0,19.99212751,2.16330688,18.68129744
242,25.30399533,0.01920321,43138.0,0.0032093,110.51149627,0.00256181,-4047.54700414,-0.09382788,0.83829975,1.19094039,0,19.90714859,1.96864382,18.43242653
402,25.32372353,0.01897822,43138.0,0.0032093,6047.32429848,0.14018555,-3999.85507536,-0.09272231,0.8263944,1.1885771,0,19.79922528,1.88246223,18.42077462
65,25.33463724,0.01960445,43138.0,0.0032093,2959.72372819,0.06861059,-4256.82957213,-0.09867934,0.80474291,1.1897158,0,19.82518205,1.98351531,18.40330883
295,25.33983066,0.01915783,43138.0,0.0032093,4775.39930252,0.11070053,-4098.05052686,-0.09499862,0.81688725,1.19509315,0,19.82099026,2.03562988,18.33785673
309,25.35174968,0.01899164,43138.0,0.0032093,9123.92252301,0.21150546,-4057.81592935,-0.09406593,0.79008038,1.19744158,0,20.02711802,2.24715006,18.61745278
405,25.44299128,0.01976257,43138.0,0.0032093,9073.37436115,0.21033368,-4521.00720622,-0.10480336,0.81466414,1.20232521,0,19.98463787,2.20713883,18.63742227
300,25.44861019,0.01882391,43138.0,0.0032093,2946.9612304,0.06831474,-4177.30768919,-0.09683591,0.80860419,1.20044968,0,19.80292082,1.8907641,18.45211812
343,25.46573184,0.01903104,43138.0,0.0032093,9806.87343071,0.22733723,-4287.80380109,-0.09939737,0.8103081,1.20652537,0,20.02100002,2.24190702,18.63164804
428,25.4868119,0.0193945,43138.0,0.0032093,117.58170347,0.00272571,-4464.77929272,-0.10349991,0.8129964,1.22883017,0,20.03039357,2.13197616,18.59379376
307,25.48767273,0.01908594,43138.0,0.0032093,10303.71950712,0.23885483,-4349.93386993,-0.10083763,0.79840528,1.22965209,0,20.02089426,2.25559276,18.66239943
64,25.49847397,0.01903239,43138.0,0.0032093,9502.22178802,0.22027497,-4350.10878532,-0.10084169,0.78124032,1.21792902,0,20.08931575,2.31604025,18.72433951
257,25.53455951,0.01992613,43138.0,0.0032093,6159.69090007,0.14279037,-4755.55954184,-0.11024061,0.8217352,1.21642833,0,19.990273,2.2105489,18.66488767
235,25.53918232,0.01966866,43138.0,0.0032093,13889.98622419,0.32198957,-4667.09944882,-0.10818998,0.81548208,1.19661986,0,19.96418834,2.16637704,18.56479628
266,25.59525857,0.01967505,43138.0,0.0032093,2074.01953132,0.04807871,-4775.3454949,-0.11069928,0.77132867,1.2036606,0,19.5060582,1.82889964,18.14457919
219,25.61668186,0.01892226,43138.0,0.0032093,1178.37448143,0.02731639,-4531.6291384,-0.10504959,0.78473758,1.20575562,0,19.59404611,1.74746574,18.21422221
455,25.63478714,0.01967553,43138.0,0.0032093,3434.98828311,0.0796279,-4850.12853275,-0.11243286,0.80193839,1.18158666,0,19.79782748,1.90893444,18.43994881
200,25.64911883,0.01921156,43138.0,0.0032093,8693.91627396,0.20153731,-4702.0481155,-0.10900014,0.79404981,1.19899119,0,19.76260336,2.12286928,18.43997012
393,25.67574135,0.0183688,43138.0,0.0032093,10676.53834641,0.2474973,-4434.18328101,-0.10279066,0.80292451,1.20695063,0,20.05767123,2.39716017,18.71930344
78,25.68851749,0.01920896,43138.0,0.0032093,5676.86586206,0.1315978,-4775.42097053,-0.11070103,0.82619306,1.19897745,0,20.21069734,2.42781556,18.80863264
124,25.74383265,0.01874401,43138.0,0.0032093,7719.04667847,0.17893845,-4704.31752245,-0.10905275,0.78154739,1.24511795,0,19.49461752,1.55551656,18.14847269
299,25.76489478,0.0190759,43138.0,0.0032093,10567.52063978,0.24497011,-4869.34344466,-0.11287828,0.82080263,1.19242534,0,19.87608101,2.14732487,18.55380759
42,25.78441622,0.01842494,43138.0,0.0032093,9047.19237148,0.20972675,-4660.47595612,-0.10803644,0.82963632,1.22086415,0,19.8924772,2.27175625,18.60872441
442,25.80421388,0.01917592,43138.0,0.0032093,5337.41107472,0.12372876,-4981.30274663,-0.11547366,0.82227978,1.19539527,0,19.55815216,1.81152321,18.16096497
305,25.8692737,0.01830765,43138.0,0.0032093,3008.61461474,0.06974395,-4776.35344214,-0.11072264,0.81039208,1.19784388,0,19.82297061,2.1649534,18.496766
44,25.93095787,0.01864153,43138.0,0.0032093,11546.7839352,0.26767082,-5018.79644782,-0.11634282,0.80577003,1.22354204,0,20.61091095,2.92455297,19.18026824
444,25.93168338,0.01955333,43138.0,0.0032093,5418.90227269,0.12561784,-5364.3289533,-0.12435275,0.79094345,1.24997292,0,19.91869321,2.22648976,18.59726591
187,26.02116549,0.01906876,43138.0,0.0032093,-80.29780228,-0.00186142,-5350.30622215,-0.12402768,0.79779923,1.20374906,0,19.93954436,2.06473813,18.45498097
148,26.08075039,0.01981462,43138.0,0.0032093,4208.18486739,0.09755169,-5744.28955502,-0.13316078,0.80420375,1.20273457,0,19.90920603,1.90614261,18.45739642
408,26.10546798,0.01891596,43138.0,0.0032093,4704.52134674,0.10905747,-5451.73110734,-0.12637886,0.80510668,1.20131717,0,19.80943636,1.79020709,18.36886394
482,26.11366733,0.0190672,43138.0,0.0032093,-1093.02028157,-0.02533776,-5524.29300454,-0.12806094,0.8263062,1.21336058,0,19.68314003,1.9604448,18.37511005
222,26.11543209,0.01813766,43138.0,0.0032093,7725.01096975,0.17907671,-5176.76154284,-0.12000467,0.78643056,1.19992812,0,20.08230408,2.22061506,18.71006067
86,26.12553655,0.01910208,43138.0,0.0032093,7109.44229821,0.16480695,-5559.85926324,-0.12888542,0.80384715,1.23585437,0,19.80909132,1.95945462,18.47926773
480,26.32006221,0.01893733,43138.0,0.0032093,6727.75274546,0.15595885,-5864.79888248,-0.13595435,0.82089906,1.23938936,0,19.93917392,2.12171086,18.56573505
145,26.35109546,0.01900367,43138.0,0.0032093,1241.40653494,0.02877756,-5948.40710718,-0.13789251,0.82255045,1.2119424,0,19.81828428,2.08316022,18.48143293
424,26.36591862,0.01919652,43138.0,0.0032093,-2171.38463179,-0.05033577,-6049.17528921,-0.14022846,0.79580198,1.19433138,0,19.64000359,1.91555861,18.2851923
88,26.39189177,0.01943169,43138.0,0.0032093,3172.85320127,0.07355124,-6186.96216163,-0.14342255,0.79926434,1.18156624,0,19.79308771,2.11932796,18.50616327
95,26.40593418,0.01896423,43138.0015015,0.00320934,1137.61678635,0.02637157,-6037.01744197,-0.13994662,0.75,1.18957267,2,19.81086832,2.08849495,18.45542731
3,26.46961233,0.01953898,43138.0,0.0032093,2724.49631322,0.06315769,-6374.14150891,-0.14776164,0.82879523,1.22383716,0,19.93903268,1.99702977,18.49038876
201,26.50692511,0.01887829,43138.0,0.0032093,-479.40887886,-0.01111338,-6195.17632351,-0.14361297,0.80980628,1.20052989,0,19.74989719,1.90081605,18.28219236
245,26.54589445,0.01914031,43138.0,0.0032093,5253.06953914,0.1217736,-6367.6265872,-0.14761061,0.77952837,1.18804333,0,19.92357652,2.2226123,18.57579332
174,26.54751589,0.01847511,43138.0,0.0032093,2610.49620763,0.060515,-6119.60091214,-0.14186103,0.80087335,1.20465033,0,19.79395592,1.86175574,18.39598081
267,26.61235392,0.018844,43138.0,0.0032093,4928.83971322,0.11425749,-6381.2096035,-0.14792549,0.76728213,1.21467571,0,19.92066691,2.17991836,18.53979754
48,26.68565383,0.01905559,43138.0,0.0032093,-1962.26732717,-0.04548814,-6599.41483234,-0.15298379,0.79279785,1.18522232,0,19.59018867,1.80943269,18.36139783
324,26.75476306,0.01923587,43138.0,0.0032093,4384.01935941,0.10162778,-6797.89072614,-0.15758474,0.82161804,1.20066769,0,19.80330303,2.05544607,18.42206242
441,26.76119917,0.01906378,43138.0,0.0032093,161.47503538,0.00374322,-6745.08280624,-0.15636058,0.78941435,1.20042421,0,19.46495552,1.61778844,18.20791581
169,26.8345362,0.01930817,43138.0,0.0032093,585.31804619,0.0135685,-6975.73555081,-0.16170744,0.80795185,1.18681744,0,19.65386248,1.66744674,18.2118869
69,26.85555488,0.01957236,43138.0,0.0032093,-656.239652,-0.01521257,-7115.12627464,-0.16493871,0.80724865,1.18835909,0,19.79279793,1.72586903,18.3236601
326,26.86279338,0.01936999,43138.0,0.0032093,1216.60651337,0.02820266,-7052.40042054,-0.16348464,0.8108342,1.20003079,0,19.93418679,2.17721969,18.62222526
147,26.95775426,0.01910759,43138.0,0.0032093,3218.86187224,0.07461778,-7132.57176503,-0.16534313,0.80044221,1.19934278,0,19.90167559,2.10184419,18.55878037
365,27.06768834,0.0192909,43138.0,0.0032093,4679.13491709,0.10846898,-7409.24047439,-0.1717567,0.82896115,1.2322714,0,19.93444173,2.26808435,18.57098033
234,27.08445406,0.01855982,43138.0,0.0032093,3174.4125501,0.07358738,-7164.93275473,-0.1660933,0.80872616,1.20507955,0,19.82743015,2.27959475,18.53459334
301,27.16238034,0.01910988,43138.0,0.0032093,4961.47503017,0.11501403,-7519.62677716,-0.17431561,0.82297831,1.20936327,0,19.81246174,2.10836724,18.42914382
315,27.21268449,0.01915727,43138.0,0.0032093,5872.66152183,0.13613662,-7632.45103579,-0.17693104,0.78626558,1.20135292,0,20.23647432,2.54694191,18.8477491
425,27.36704247,0.01893932,43138.0,0.0032093,-3386.08644251,-0.07849428,-7841.50269346,-0.18177715,0.82763567,1.20737821,0,19.58975289,1.6380222,18.24667502
4,27.39404825,0.01889692,43138.0,0.0032093,3225.39694464,0.07476927,-7876.46606183,-0.18258765,0.76672624,1.20828672,0,20.01131244,2.28806608,18.59340943
296,27.51564111,0.01854614,43138.0,0.0032093,1036.50438541,0.02402764,-7973.5412633,-0.18483799,0.78896562,1.19790293,0,20.02184139,2.42620417,18.76678584
131,27.52405985,0.01884288,43138.0,0.0032093,4749.62146948,0.11010296,-8101.43845867,-0.18780283,0.75570771,1.20006728,0,19.82376709,1.86628262,18.39386015
236,27.56593657,0.01871364,43138.0,0.0032093,3114.29533528,0.07219378,-8131.6880405,-0.18850406,0.80366688,1.20253865,0,19.87415513,2.2992667,18.52914848
483,27.72065013,0.0187552,43138.0,0.0032093,2726.74699719,0.06320986,-8439.36548758,-0.19563646,0.81013152,1.21468069,0,19.99220901,2.35101972,18.69108615
456,27.93255186,0.01898481,43138.0,0.0032093,1261.70049564,0.02924801,-8925.95090832,-0.2069162,0.81519097,1.20297743,0,20.02246433,2.30830093,18.66046232
317,27.95961542,0.01895147,43138.0,0.0032093,216.58107527,0.00502066,-8964.4441584,-0.20780853,0.82370851,1.19188153,0,20.00413532,2.20296259,18.5871029
388,28.28340813,0.01912791,43138.0,0.0032093,3836.39072814,0.08893298,-9642.13284259,-0.22351831,0.77779261,1.18825619,0,20.21819381,2.48829703,18.88039077
139,28.61340258,0.01810957,43138.0,0.0032093,-8953.30306342,-0.20755026,-9880.54933182,-0.22904514,0.79235062,1.22209213,0,19.60105906,1.70395223,18.27295651
49,29.30273692,0.01895671,43138.0,0.0032093,-7032.25709114,-0.16301769,-11501.27803785,-0.26661593,0.79986293,1.20083083,0,19.84743687,2.06193775,18.53708824
372,29.68710573,0.01913889,43138.0,0.0032093,-11539.45920876,-0.26750102,-12295.45689289,-0.28502612,0.82594125,1.19636418,0,19.49271469,1.93490052,18.26601071
140,30.12878689,0.01933024,43138.0,0.0032093,3386.63275972,0.07850695,-13201.26299953,-0.30602399,0.80858048,1.19340337,0,19.99636236,2.50320063,18.67048562
364,30.15064496,0.0195526,43138.0,0.0032093,-9834.15859612,-0.22796974,-13326.4494342,-0.30892599,0.80008898,1.23538181,0,19.85706756,2.16035417,18.55221734
177,30.527943,0.01874062,43138.0,0.0032093,-9071.89603775,-0.21029941,-13732.02989394,-0.31832792,0.78157627,1.20682399,0,19.25895705,1.47990013,17.98142335
333,32.42470095,0.01956608,43138.0,0.0032093,-11090.49740068,-0.25709345,-17623.33269661,-0.40853384,0.79933487,1.20548254,0,19.88446269,2.02966376,18.54002379
